Date,Open,High,Low,Close,Volume,Dividends,Stock Splits
2024-04-16 00:00:00+05:30,25.950000762939453,27.350000381469727,25.5,27.350000381469727,17356288,0.0,0.0
2024-04-18 00:00:00+05:30,28.0,28.700000762939453,27.799999237060547,28.700000762939453,18303341,0.0,0.0
2024-04-19 00:00:00+05:30,28.0,28.450000762939453,27.399999618530273,28.049999237060547,17371911,0.0,0.0
2024-04-22 00:00:00+05:30,28.5,28.799999237060547,27.399999618530273,28.149999618530273,12682029,0.0,0.0
2024-04-23 00:00:00+05:30,28.450000762939453,28.450000762939453,27.700000762939453,28.0,19235006,0.0,0.0
2024-04-24 00:00:00+05:30,28.299999237060547,28.350000381469727,27.5,27.600000381469727,17563089,0.0,0.0
2024-04-25 00:00:00+05:30,27.850000381469727,27.850000381469727,27.399999618530273,27.5,13686489,0.0,0.0
2024-04-26 00:00:00+05:30,27.600000381469727,28.149999618530273,27.5,27.700000762939453,14592264,0.0,0.0
2024-04-29 00:00:00+05:30,28.0,28.200000762939453,27.450000762939453,27.549999237060547,13965640,0.0,0.0
2024-04-30 00:00:00+05:30,27.649999618530273,28.299999237060547,27.100000381469727,27.299999237060547,16661509,0.0,0.0
2024-05-02 00:00:00+05:30,27.350000381469727,27.399999618530273,26.649999618530273,26.950000762939453,15166995,0.0,0.0
2024-05-03 00:00:00+05:30,27.049999237060547,27.450000762939453,26.649999618530273,26.799999237060547,13476771,0.0,0.0
2024-05-06 00:00:00+05:30,26.600000381469727,26.75,25.700000762939453,25.850000381469727,23460897,0.0,0.0
2024-05-07 00:00:00+05:30,25.899999618530273,26.600000381469727,25.25,25.649999618530273,19178047,0.0,0.0
2024-05-08 00:00:00+05:30,25.649999618530273,26.149999618530273,25.299999237060547,25.75,10632092,0.0,0.0
2024-05-09 00:00:00+05:30,25.950000762939453,25.950000762939453,24.5,24.75,14336815,0.0,0.0
2024-05-10 00:00:00+05:30,24.649999618530273,25.399999618530273,24.350000381469727,24.950000762939453,12484660,0.0,0.0
2024-05-13 00:00:00+05:30,25.149999618530273,25.149999618530273,23.899999618530273,24.399999618530273,18866047,0.0,0.0
2024-05-14 00:00:00+05:30,24.600000381469727,25.600000381469727,24.549999237060547,25.600000381469727,9464988,0.0,0.0
2024-05-15 00:00:00+05:30,26.100000381469727,26.600000381469727,25.649999618530273,25.799999237060547,19097211,0.0,0.0
2024-05-16 00:00:00+05:30,26.149999618530273,26.299999237060547,25.350000381469727,25.850000381469727,11829425,0.0,0.0
2024-05-17 00:00:00+05:30,26.0,26.399999618530273,25.850000381469727,26.149999618530273,10975985,0.0,0.0
2024-05-21 00:00:00+05:30,26.350000381469727,26.899999618530273,25.899999618530273,26.100000381469727,18423952,0.0,0.0
2024-05-22 00:00:00+05:30,26.100000381469727,27.399999618530273,26.100000381469727,26.5,26863677,0.0,0.0
2024-05-23 00:00:00+05:30,26.649999618530273,26.850000381469727,26.299999237060547,26.399999618530273,15284470,0.0,0.0
2024-05-24 00:00:00+05:30,26.299999237060547,27.299999237060547,26.149999618530273,26.600000381469727,23146605,0.0,0.0
2024-05-27 00:00:00+05:30,26.049999237060547,26.200000762939453,25.299999237060547,25.299999237060547,43927571,0.0,0.0
2024-05-28 00:00:00+05:30,25.25,25.5,24.5,24.950000762939453,19862818,0.0,0.0
2024-05-29 00:00:00+05:30,24.950000762939453,25.649999618530273,24.600000381469727,25.200000762939453,13254778,0.0,0.0
2024-05-30 00:00:00+05:30,25.299999237060547,25.299999237060547,24.600000381469727,24.700000762939453,11413532,0.0,0.0
2024-05-31 00:00:00+05:30,24.850000381469727,25.049999237060547,24.399999618530273,24.549999237060547,13944625,0.0,0.0
2024-06-03 00:00:00+05:30,25.75,25.75,25.200000762939453,25.75,26919726,0.0,0.0
2024-06-04 00:00:00+05:30,25.450000762939453,25.450000762939453,24.5,24.5,19131713,0.0,0.0
2024-06-05 00:00:00+05:30,23.299999237060547,23.950000762939453,23.299999237060547,23.5,42860301,0.0,0.0
2024-06-06 00:00:00+05:30,24.049999237060547,24.649999618530273,23.850000381469727,24.549999237060547,30501221,0.0,0.0
2024-06-07 00:00:00+05:30,24.950000762939453,25.549999237060547,24.5,25.0,22458559,0.0,0.0
2024-06-10 00:00:00+05:30,25.350000381469727,26.75,25.25,26.079999923706055,37086161,0.0,0.0
2024-06-11 00:00:00+05:30,27.989999771118164,28.68000030517578,27.149999618530273,28.68000030517578,140165379,0.0,0.0
2024-06-12 00:00:00+05:30,29.700000762939453,31.540000915527344,29.559999465942383,31.540000915527344,150557787,0.0,0.0
2024-06-13 00:00:00+05:30,33.0,33.11000061035156,30.559999465942383,31.079999923706055,199703725,0.0,0.0
2024-06-14 00:00:00+05:30,31.280000686645508,32.40999984741211,30.299999237060547,31.31999969482422,76469832,0.0,0.0
2024-06-18 00:00:00+05:30,32.04999923706055,32.29999923706055,30.860000610351562,30.959999084472656,43147340,0.0,0.0
2024-06-19 00:00:00+05:30,31.239999771118164,31.979999542236328,29.829999923706055,30.829999923706055,50994259,0.0,0.0
2024-06-20 00:00:00+05:30,30.81999969482422,31.709999084472656,30.5,30.639999389648438,32822472,0.0,0.0
2024-06-21 00:00:00+05:30,30.780000686645508,31.15999984741211,29.75,29.8700008392334,37995144,0.0,0.0
2024-06-24 00:00:00+05:30,29.799999237060547,30.40999984741211,29.399999618530273,29.700000762939453,26884108,0.0,0.0
2024-06-25 00:00:00+05:30,29.940000534057617,30.290000915527344,29.5,29.549999237060547,17356323,0.0,0.0
2024-06-26 00:00:00+05:30,29.510000228881836,29.790000915527344,29.239999771118164,29.280000686645508,17936077,0.0,0.0
2024-06-27 00:00:00+05:30,29.280000686645508,29.56999969482422,28.520000457763672,28.81999969482422,21336897,0.0,0.0
2024-06-28 00:00:00+05:30,29.049999237060547,30.260000228881836,28.770000457763672,28.93000030517578,36540632,0.0,0.0
2024-07-01 00:00:00+05:30,29.3799991607666,29.3799991607666,28.690000534057617,28.989999771118164,16119720,0.0,0.0
2024-07-02 00:00:00+05:30,29.100000381469727,29.25,28.549999237060547,28.709999084472656,13024490,0.0,0.0
2024-07-03 00:00:00+05:30,28.920000076293945,28.979999542236328,28.31999969482422,28.3799991607666,12523527,0.0,0.0
2024-07-04 00:00:00+05:30,28.440000534057617,28.790000915527344,28.020000457763672,28.110000610351562,16126472,0.0,0.0
2024-07-05 00:00:00+05:30,28.200000762939453,29.3799991607666,28.030000686645508,29.030000686645508,35956538,0.0,0.0
2024-07-08 00:00:00+05:30,29.219999313354492,29.299999237060547,28.110000610351562,28.329999923706055,18544762,0.0,0.0
2024-07-09 00:00:00+05:30,28.40999984741211,28.829999923706055,28.020000457763672,28.09000015258789,18680562,0.0,0.0
2024-07-10 00:00:00+05:30,28.229999542236328,28.270000457763672,26.899999618530273,27.549999237060547,18387825,0.0,0.0
2024-07-11 00:00:00+05:30,27.700000762939453,28.049999237060547,27.5,27.65999984741211,13346581,0.0,0.0
2024-07-12 00:00:00+05:30,27.809999465942383,27.8799991607666,27.25,27.31999969482422,12338785,0.0,0.0
2024-07-15 00:00:00+05:30,27.399999618530273,28.68000030517578,26.850000381469727,28.68000030517578,27514764,0.0,0.0
2024-07-16 00:00:00+05:30,29.190000534057617,29.530000686645508,28.350000381469727,28.489999771118164,24019184,0.0,0.0
2024-07-18 00:00:00+05:30,28.600000381469727,28.739999771118164,27.649999618530273,27.90999984741211,11883885,0.0,0.0
2024-07-19 00:00:00+05:30,27.899999618530273,27.899999618530273,27.0,27.1200008392334,16598630,0.0,0.0
2024-07-22 00:00:00+05:30,27.1200008392334,27.3799991607666,26.600000381469727,27.100000381469727,14317127,0.0,0.0
2024-07-23 00:00:00+05:30,27.200000762939453,27.690000534057617,25.75,26.940000534057617,23115494,0.0,0.0
2024-07-24 00:00:00+05:30,26.989999771118164,28.280000686645508,26.90999984741211,28.280000686645508,12928769,0.0,0.0
2024-07-25 00:00:00+05:30,28.280000686645508,29.690000534057617,28.25,29.690000534057617,46151809,0.0,0.0
2024-07-26 00:00:00+05:30,30.479999542236328,30.579999923706055,29.399999618530273,29.770000457763672,55492192,0.0,0.0
2024-07-29 00:00:00+05:30,30.34000015258789,31.25,30.030000686645508,31.25,71910139,0.0,0.0
2024-07-30 00:00:00+05:30,31.5,31.799999237060547,30.8700008392334,31.280000686645508,54248875,0.0,0.0
2024-07-31 00:00:00+05:30,31.59000015258789,32.84000015258789,31.360000610351562,32.84000015258789,79351737,0.0,0.0
2024-08-01 00:00:00+05:30,33.38999938964844,34.47999954223633,32.27000045776367,32.900001525878906,149866875,0.0,0.0
2024-08-02 00:00:00+05:30,32.25,34.540000915527344,31.8799991607666,34.540000915527344,99408426,0.0,0.0
2024-08-05 00:00:00+05:30,33.5,34.279998779296875,32.810001373291016,32.810001373291016,118747814,0.0,0.0
2024-08-06 00:00:00+05:30,32.45000076293945,32.9900016784668,31.15999984741211,31.15999984741211,71383353,0.0,0.0
2024-08-07 00:00:00+05:30,30.5,32.15999984741211,29.770000457763672,31.860000610351562,109772125,0.0,0.0
2024-08-08 00:00:00+05:30,31.739999771118164,32.220001220703125,30.68000030517578,30.799999237060547,43647855,0.0,0.0
2024-08-09 00:00:00+05:30,31.3700008392334,32.34000015258789,30.90999984741211,32.31999969482422,64445253,0.0,0.0
2024-08-12 00:00:00+05:30,32.0,32.529998779296875,31.149999618530273,31.809999465942383,43855418,0.0,0.0
2024-08-13 00:00:00+05:30,32.0,32.68000030517578,30.209999084472656,30.34000015258789,56317912,0.0,0.0
2024-08-14 00:00:00+05:30,30.5,30.6200008392334,29.260000228881836,29.75,29347558,0.0,0.0
2024-08-16 00:00:00+05:30,30.979999542236328,31.229999542236328,29.93000030517578,31.229999542236328,31051939,0.0,0.0
2024-08-19 00:00:00+05:30,31.899999618530273,32.790000915527344,31.600000381469727,32.790000915527344,44573929,0.0,0.0
2024-08-20 00:00:00+05:30,33.70000076293945,34.41999816894531,33.5,34.41999816894531,20219725,0.0,0.0
2024-08-21 00:00:00+05:30,36.0,36.13999938964844,36.0,36.13999938964844,21769768,0.0,0.0
2024-08-22 00:00:00+05:30,37.939998626708984,37.939998626708984,35.369998931884766,36.29999923706055,230392058,0.0,0.0
2024-08-23 00:00:00+05:30,36.7400016784668,38.11000061035156,34.47999954223633,34.47999954223633,340375309,0.0,0.0
2024-08-26 00:00:00+05:30,32.75,32.75,32.75,32.75,9931761,0.0,0.0
2024-08-27 00:00:00+05:30,31.110000610351562,31.110000610351562,31.110000610351562,31.110000610351562,7812060,0.0,0.0
2024-08-28 00:00:00+05:30,30.549999237060547,32.470001220703125,30.549999237060547,31.260000228881836,216452323,0.0,0.0
2024-08-29 00:00:00+05:30,31.399999618530273,31.530000686645508,30.0,30.56999969482422,51774178,0.0,0.0
2024-08-30 00:00:00+05:30,30.709999084472656,31.270000457763672,30.329999923706055,30.559999465942383,39429788,0.0,0.0
2024-09-02 00:00:00+05:30,30.600000381469727,30.790000915527344,29.610000610351562,30.09000015258789,37044245,0.0,0.0
2024-09-03 00:00:00+05:30,30.0,30.34000015258789,29.520000457763672,29.579999923706055,24914388,0.0,0.0
2024-09-04 00:00:00+05:30,29.260000228881836,31.049999237060547,29.260000228881836,31.049999237060547,32092690,0.0,0.0
2024-09-05 00:00:00+05:30,31.959999084472656,32.25,30.709999084472656,30.850000381469727,54357242,0.0,0.0
2024-09-06 00:00:00+05:30,31.100000381469727,31.15999984741211,29.860000610351562,30.219999313354492,27629229,0.0,0.0
2024-09-09 00:00:00+05:30,30.149999618530273,30.280000686645508,29.209999084472656,29.719999313354492,24414525,0.0,0.0
2024-09-10 00:00:00+05:30,29.81999969482422,30.690000534057617,29.690000534057617,30.030000686645508,27203820,0.0,0.0
2024-09-11 00:00:00+05:30,30.190000534057617,30.68000030517578,29.5,29.559999465942383,21910317,0.0,0.0
2024-09-12 00:00:00+05:30,29.809999465942383,30.100000381469727,29.25,29.670000076293945,24872985,0.0,0.0
2024-09-13 00:00:00+05:30,29.68000030517578,30.329999923706055,29.649999618530273,29.829999923706055,16361976,0.0,0.0
2024-09-16 00:00:00+05:30,30.299999237060547,31.31999969482422,29.920000076293945,31.049999237060547,44099018,0.0,0.0
2024-09-17 00:00:00+05:30,31.700000762939453,31.889999389648438,30.600000381469727,31.399999618530273,44713761,0.0,0.0
2024-09-18 00:00:00+05:30,32.970001220703125,32.970001220703125,32.970001220703125,32.970001220703125,9027669,0.0,0.0
2024-09-19 00:00:00+05:30,34.61000061035156,34.61000061035156,33.5099983215332,34.61000061035156,130356791,0.0,0.0
2024-09-20 00:00:00+05:30,36.310001373291016,36.34000015258789,35.52000045776367,36.34000015258789,51425308,0.0,0.0
2024-09-23 00:00:00+05:30,38.150001525878906,38.150001525878906,38.150001525878906,38.150001525878906,9918715,0.0,0.0
2024-09-24 00:00:00+05:30,40.04999923706055,40.04999923706055,40.04999923706055,40.04999923706055,9236911,0.0,0.0
2024-09-25 00:00:00+05:30,42.04999923706055,42.04999923706055,40.25,42.04999923706055,233068621,0.0,0.0
2024-09-26 00:00:00+05:30,42.70000076293945,44.150001525878906,42.29999923706055,44.150001525878906,158323050,0.0,0.0
2024-09-27 00:00:00+05:30,46.349998474121094,46.349998474121094,46.349998474121094,46.349998474121094,19719095,0.0,0.0
2024-09-30 00:00:00+05:30,46.25,48.65999984741211,44.209999084472656,48.65999984741211,209326581,0.0,0.0
2024-10-01 00:00:00+05:30,51.09000015258789,51.09000015258789,49.619998931884766,51.09000015258789,163084765,0.0,0.0
2024-10-03 00:00:00+05:30,52.09000015258789,53.63999938964844,51.59000015258789,53.63999938964844,53668699,0.0,0.0
2024-10-04 00:00:00+05:30,53.400001525878906,53.400001525878906,50.95000076293945,50.95000076293945,92740727,0.0,0.0
2024-10-07 00:00:00+05:30,48.400001525878906,48.400001525878906,48.400001525878906,48.400001525878906,6420558,0.0,0.0
2024-10-08 00:00:00+05:30,45.97999954223633,45.97999954223633,45.97999954223633,45.97999954223633,7930602,0.0,0.0
2024-10-09 00:00:00+05:30,45.54999923706055,48.27000045776367,45.099998474121094,48.27000045776367,40671279,0.0,0.0
2024-10-10 00:00:00+05:30,48.310001373291016,49.70000076293945,45.849998474121094,46.560001373291016,52197731,0.0,0.0
2024-10-11 00:00:00+05:30,45.81999969482422,45.88999938964844,44.22999954223633,44.22999954223633,26347216,0.0,0.0
2024-10-14 00:00:00+05:30,43.13999938964844,45.79999923706055,43.13999938964844,43.529998779296875,23971906,0.0,0.0
2024-10-15 00:00:00+05:30,43.939998626708984,44.54999923706055,42.20000076293945,44.369998931884766,17211996,0.0,0.0
2024-10-16 00:00:00+05:30,44.369998931884766,44.369998931884766,42.75,43.939998626708984,15458370,0.0,0.0
2024-10-17 00:00:00+05:30,43.779998779296875,43.900001525878906,41.7400016784668,41.7400016784668,15542858,0.0,0.0
2024-10-18 00:00:00+05:30,40.5099983215332,43.0,39.650001525878906,42.45000076293945,24207873,0.0,0.0
2024-10-21 00:00:00+05:30,42.599998474121094,42.95000076293945,40.31999969482422,40.459999084472656,16140502,0.0,0.0
2024-10-22 00:00:00+05:30,40.36000061035156,41.0,38.43000030517578,38.43000030517578,18474553,0.0,0.0
2024-10-23 00:00:00+05:30,37.29999923706055,40.349998474121094,37.29999923706055,40.349998474121094,16409530,0.0,0.0
2024-10-24 00:00:00+05:30,41.08000183105469,42.36000061035156,40.79999923706055,42.36000061035156,12428313,0.0,0.0
2024-10-25 00:00:00+05:30,43.5,44.349998474121094,40.2400016784668,43.20000076293945,27485988,0.0,0.0
2024-10-28 00:00:00+05:30,43.20000076293945,43.97999954223633,41.099998474121094,41.5,16116086,0.0,0.0
2024-10-29 00:00:00+05:30,41.290000915527344,41.45000076293945,40.0,41.08000183105469,10029529,0.0,0.0
2024-10-30 00:00:00+05:30,41.0,42.779998779296875,40.29999923706055,41.93000030517578,9945976,0.0,0.0
2024-10-31 00:00:00+05:30,42.150001525878906,43.20000076293945,41.400001525878906,42.72999954223633,7640086,0.0,0.0
2024-11-01 00:00:00+05:30,43.400001525878906,43.400001525878906,42.66999816894531,43.029998779296875,6231641,0.0,0.0
2024-11-04 00:00:00+05:30,42.5,42.5,40.869998931884766,42.029998779296875,13876998,0.0,0.0
2024-11-05 00:00:00+05:30,42.0,42.5,41.36000061035156,41.52000045776367,7952064,0.0,0.0
2024-11-06 00:00:00+05:30,41.79999923706055,43.59000015258789,41.5,43.59000015258789,13144820,0.0,0.0
2024-11-07 00:00:00+05:30,44.70000076293945,45.7599983215332,43.25,43.77000045776367,53208847,0.0,0.0
2024-11-08 00:00:00+05:30,41.58000183105469,41.58000183105469,41.58000183105469,41.58000183105469,14385057,0.0,0.0
2024-11-11 00:00:00+05:30,39.5,39.5,39.5,39.5,3832048,0.0,0.0
2024-11-12 00:00:00+05:30,38.5,40.72999954223633,37.52000045776367,38.380001068115234,43580968,0.0,0.0
2024-11-13 00:00:00+05:30,37.599998474121094,38.380001068115234,36.459999084472656,36.459999084472656,21183157,0.0,0.0
2024-11-14 00:00:00+05:30,35.5,37.790000915527344,35.150001525878906,35.93000030517578,15505929,0.0,0.0
2024-11-18 00:00:00+05:30,35.93000030517578,36.0,34.130001068115234,34.130001068115234,18813017,0.0,0.0
2024-11-19 00:00:00+05:30,34.04999923706055,35.83000183105469,33.29999923706055,35.7400016784668,12855415,0.0,0.0
2024-11-21 00:00:00+05:30,35.599998474121094,35.599998474121094,34.060001373291016,34.279998779296875,13783304,0.0,0.0
2024-11-22 00:00:00+05:30,34.900001525878906,35.599998474121094,33.810001373291016,35.04999923706055,9763592,0.0,0.0
2024-11-25 00:00:00+05:30,35.93000030517578,36.79999923706055,34.25,34.59000015258789,15889872,0.0,0.0
2024-11-26 00:00:00+05:30,34.599998474121094,36.310001373291016,34.45000076293945,36.310001373291016,9178718,0.0,0.0
2024-11-27 00:00:00+05:30,37.45000076293945,38.119998931884766,36.0,38.119998931884766,13573329,0.0,0.0
2024-11-28 00:00:00+05:30,39.13999938964844,40.02000045776367,38.47999954223633,40.0,21162543,0.0,0.0
2024-11-29 00:00:00+05:30,40.0,40.0,38.29999923706055,38.70000076293945,12356868,0.0,0.0
2024-12-02 00:00:00+05:30,38.70000076293945,39.0,37.349998474121094,38.869998931884766,7614873,0.0,0.0
2024-12-03 00:00:00+05:30,38.88999938964844,39.400001525878906,38.599998474121094,39.13999938964844,8203923,0.0,0.0
2024-12-04 00:00:00+05:30,41.09000015258789,41.09000015258789,41.09000015258789,41.09000015258789,7785254,0.0,0.0
2024-12-05 00:00:00+05:30,42.900001525878906,43.13999938964844,42.099998474121094,43.13999938964844,27780308,0.0,0.0
2024-12-06 00:00:00+05:30,43.79999923706055,45.25,43.20000076293945,44.4900016784668,22579913,0.0,0.0
2024-12-09 00:00:00+05:30,45.38999938964844,45.939998626708984,43.5,44.38999938964844,14247171,0.0,0.0
2024-12-10 00:00:00+05:30,44.79999923706055,45.150001525878906,42.5,44.86000061035156,19552400,0.0,0.0
2024-12-11 00:00:00+05:30,45.29999923706055,45.29999923706055,43.900001525878906,44.040000915527344,11944138,0.0,0.0
2024-12-12 00:00:00+05:30,46.2400016784668,46.2400016784668,45.720001220703125,46.2400016784668,24744101,0.0,0.0
2024-12-13 00:00:00+05:30,46.599998474121094,48.0,44.54999923706055,47.45000076293945,21123733,0.0,0.0
2024-12-16 00:00:00+05:30,47.70000076293945,48.5,46.5,47.22999954223633,14399663,0.0,0.0
2024-12-17 00:00:00+05:30,46.9900016784668,48.0,46.0,46.709999084472656,13400599,0.0,0.0
2024-12-18 00:00:00+05:30,46.849998474121094,47.2400016784668,44.79999923706055,44.880001068115234,10098454,0.0,0.0
2024-12-19 00:00:00+05:30,43.5099983215332,47.119998931884766,43.0099983215332,46.91999816894531,17004748,0.0,0.0
2024-12-20 00:00:00+05:30,47.79999923706055,47.88999938964844,44.599998474121094,44.75,15887901,0.0,0.0
2024-12-23 00:00:00+05:30,44.97999954223633,45.470001220703125,43.599998474121094,43.790000915527344,9908045,0.0,0.0
2024-12-24 00:00:00+05:30,43.93000030517578,45.189998626708984,43.54999923706055,44.439998626708984,8177107,0.0,0.0
2024-12-26 00:00:00+05:30,44.439998626708984,45.380001068115234,44.04999923706055,44.130001068115234,6265768,0.0,0.0
2024-12-27 00:00:00+05:30,45.599998474121094,45.619998931884766,42.95000076293945,43.15999984741211,7827440,0.0,0.0
2024-12-30 00:00:00+05:30,43.0,43.869998931884766,41.2599983215332,41.849998474121094,12743524,0.0,0.0
2024-12-31 00:00:00+05:30,41.650001525878906,42.790000915527344,41.400001525878906,42.599998474121094,16854568,0.0,0.0
2025-01-01 00:00:00+05:30,42.88999938964844,44.72999954223633,42.599998474121094,44.72999954223633,33005564,0.0,0.0
2025-01-02 00:00:00+05:30,44.91999816894531,46.689998626708984,44.150001525878906,46.290000915527344,38974368,0.0,0.0
2025-01-03 00:00:00+05:30,46.189998626708984,47.25,45.599998474121094,45.79999923706055,25173373,0.0,0.0
2025-01-06 00:00:00+05:30,45.79999923706055,46.099998474121094,43.5099983215332,43.5099983215332,36739794,0.0,0.0
2025-01-07 00:00:00+05:30,42.849998474121094,44.189998626708984,42.5,43.400001525878906,24607193,0.0,0.0
2025-01-08 00:00:00+05:30,43.400001525878906,43.5,41.560001373291016,42.380001068115234,17710671,0.0,0.0
2025-01-09 00:00:00+05:30,42.36000061035156,42.36000061035156,40.2599983215332,40.2599983215332,15797608,0.0,0.0
2025-01-10 00:00:00+05:30,40.2599983215332,40.9900016784668,38.79999923706055,38.97999954223633,37685704,0.0,0.0
2025-01-13 00:00:00+05:30,38.38999938964844,39.5,37.029998779296875,37.029998779296875,21074467,0.0,0.0
2025-01-14 00:00:00+05:30,37.38999938964844,38.880001068115234,36.4900016784668,38.880001068115234,22424263,0.0,0.0
2025-01-15 00:00:00+05:30,38.939998626708984,40.45000076293945,38.43000030517578,39.2400016784668,19717894,0.0,0.0
2025-01-16 00:00:00+05:30,40.04999923706055,41.20000076293945,40.04999923706055,41.20000076293945,17556401,0.0,0.0
2025-01-17 00:00:00+05:30,41.5,42.95000076293945,41.099998474121094,42.060001373291016,20349975,0.0,0.0
2025-01-20 00:00:00+05:30,42.38999938964844,42.70000076293945,40.43000030517578,40.779998779296875,24420919,0.0,0.0
2025-01-21 00:00:00+05:30,41.38999938964844,41.58000183105469,39.86000061035156,40.11000061035156,11491641,0.0,0.0
2025-01-22 00:00:00+05:30,40.5,41.0,38.540000915527344,39.45000076293945,14973841,0.0,0.0
2025-01-23 00:00:00+05:30,40.09000015258789,40.540000915527344,39.310001373291016,39.630001068115234,8591590,0.0,0.0
2025-01-24 00:00:00+05:30,39.52000045776367,40.0,38.310001373291016,38.52000045776367,8229512,0.0,0.0
2025-01-27 00:00:00+05:30,38.4900016784668,38.5,36.59000015258789,36.709999084472656,15153131,0.0,0.0
2025-01-28 00:00:00+05:30,36.720001220703125,38.18000030517578,35.189998626708984,36.849998474121094,22096368,0.0,0.0
2025-01-29 00:00:00+05:30,37.599998474121094,38.689998626708984,37.349998474121094,38.650001525878906,12072838,0.0,0.0
2025-01-30 00:00:00+05:30,38.810001373291016,39.75,38.209999084472656,38.66999816894531,14301589,0.0,0.0
2025-01-31 00:00:00+05:30,38.83000183105469,40.400001525878906,38.56999969482422,40.09000015258789,12689576,0.0,0.0
2025-02-01 00:00:00+05:30,40.22999954223633,40.47999954223633,38.5,39.099998474121094,16353318,0.0,0.0
2025-02-03 00:00:00+05:30,38.54999923706055,38.849998474121094,37.619998931884766,38.0,11816377,0.0,0.0
2025-02-04 00:00:00+05:30,38.45000076293945,39.900001525878906,38.310001373291016,39.900001525878906,22124568,0.0,0.0
2025-02-05 00:00:00+05:30,40.20000076293945,40.95000076293945,39.52000045776367,39.91999816894531,16432223,0.0,0.0
2025-02-06 00:00:00+05:30,41.36000061035156,43.939998626708984,40.959999084472656,42.38999938964844,72713447,0.0,0.0
2025-02-07 00:00:00+05:30,42.599998474121094,43.38999938964844,41.5099983215332,41.84000015258789,30242652,0.0,0.0
2025-02-10 00:00:00+05:30,42.400001525878906,42.59000015258789,39.7599983215332,41.0,23468901,0.0,0.0
2025-02-11 00:00:00+05:30,41.0,41.0,38.619998931884766,39.09000015258789,21420452,0.0,0.0
2025-02-12 00:00:00+05:30,39.0099983215332,40.279998779296875,37.119998931884766,39.45000076293945,30838570,0.0,0.0
2025-02-13 00:00:00+05:30,39.650001525878906,40.79999923706055,39.099998474121094,39.560001373291016,18215262,0.0,0.0
2025-02-14 00:00:00+05:30,39.59000015258789,39.75,36.66999816894531,37.27000045776367,29114187,0.0,0.0
2025-02-17 00:00:00+05:30,37.189998626708984,37.88999938964844,35.90999984741211,36.939998626708984,23853325,0.0,0.0
2025-02-18 00:00:00+05:30,37.150001525878906,37.439998626708984,36.06999969482422,36.779998779296875,14308712,0.0,0.0
2025-02-19 00:00:00+05:30,36.279998779296875,38.400001525878906,36.04999923706055,37.95000076293945,19024449,0.0,0.0
2025-02-20 00:00:00+05:30,37.900001525878906,38.650001525878906,37.5,38.15999984741211,13736316,0.0,0.0
2025-02-21 00:00:00+05:30,37.9900016784668,39.150001525878906,37.52000045776367,37.70000076293945,15678732,0.0,0.0
2025-02-24 00:00:00+05:30,37.400001525878906,37.54999923706055,36.70000076293945,36.79999923706055,11570405,0.0,0.0
2025-02-25 00:00:00+05:30,37.0,37.54999923706055,36.209999084472656,36.52000045776367,10968496,0.0,0.0
2025-02-27 00:00:00+05:30,36.70000076293945,36.88999938964844,34.400001525878906,34.75,20814224,0.0,0.0
2025-02-28 00:00:00+05:30,34.33000183105469,34.7599983215332,33.0,33.2599983215332,27889162,0.0,0.0
2025-03-03 00:00:00+05:30,33.459999084472656,34.47999954223633,31.270000457763672,32.91999816894531,32477141,0.0,0.0
2025-03-04 00:00:00+05:30,32.099998474121094,33.900001525878906,32.04999923706055,33.08000183105469,25681936,0.0,0.0
2025-03-05 00:00:00+05:30,33.20000076293945,34.81999969482422,33.20000076293945,34.65999984741211,22570968,0.0,0.0
2025-03-06 00:00:00+05:30,35.150001525878906,36.13999938964844,34.439998626708984,35.189998626708984,36413100,0.0,0.0
2025-03-07 00:00:00+05:30,35.29999923706055,36.369998931884766,34.939998626708984,36.040000915527344,29894193,0.0,0.0
2025-03-10 00:00:00+05:30,36.25,36.75,34.04999923706055,34.41999816894531,19881131,0.0,0.0
2025-03-11 00:00:00+05:30,34.09000015258789,34.34000015258789,33.349998474121094,34.0,17067653,0.0,0.0
2025-03-12 00:00:00+05:30,34.29999923706055,34.88999938964844,33.29999923706055,33.63999938964844,15483657,0.0,0.0
2025-03-13 00:00:00+05:30,34.18000030517578,34.650001525878906,33.31999969482422,33.38999938964844,16251003,0.0,0.0
2025-03-17 00:00:00+05:30,33.75,33.95000076293945,32.900001525878906,33.02000045776367,16760081,0.0,0.0
2025-03-18 00:00:00+05:30,33.02000045776367,33.02000045776367,33.02000045776367,33.02000045776367,0,0.0,0.0
2025-03-19 00:00:00+05:30,35.11000061035156,38.349998474121094,35.11000061035156,37.720001220703125,43889294,0.0,0.0
2025-03-20 00:00:00+05:30,38.11000061035156,38.290000915527344,36.29999923706055,36.45000076293945,25546028,0.0,0.0
2025-03-21 00:00:00+05:30,36.459999084472656,38.099998474121094,36.45000076293945,37.81999969482422,29345685,0.0,0.0
2025-03-24 00:00:00+05:30,38.20000076293945,38.86000061035156,37.79999923706055,38.209999084472656,24370111,0.0,0.0
2025-03-25 00:00:00+05:30,38.58000183105469,38.599998474121094,36.72999954223633,37.25,23119832,0.0,0.0
2025-03-26 00:00:00+05:30,37.119998931884766,41.400001525878906,36.88999938964844,39.470001220703125,101785458,0.0,0.0
2025-03-27 00:00:00+05:30,39.38999938964844,43.599998474121094,38.720001220703125,42.970001220703125,84101250,0.0,0.0
2025-03-28 00:00:00+05:30,43.16999816894531,44.7599983215332,42.400001525878906,42.97999954223633,84943588,0.0,0.0
2025-04-01 00:00:00+05:30,41.95000076293945,43.34000015258789,41.61000061035156,41.9900016784668,34628938,0.0,0.0
2025-04-02 00:00:00+05:30,41.93000030517578,42.7599983215332,41.04999923706055,42.310001373291016,31200326,0.0,0.0
2025-04-03 00:00:00+05:30,41.959999084472656,44.47999954223633,41.90999984741211,43.15999984741211,57383571,0.0,0.0
2025-04-04 00:00:00+05:30,43.099998474121094,43.400001525878906,41.060001373291016,41.349998474121094,35279693,0.0,0.0
2025-04-07 00:00:00+05:30,35.63999938964844,39.439998626708984,35.11000061035156,39.02000045776367,47790336,0.0,0.0
2025-04-08 00:00:00+05:30,40.79999923706055,41.06999969482422,39.349998474121094,39.83000183105469,24440587,0.0,0.0
2025-04-09 00:00:00+05:30,39.79999923706055,40.45000076293945,38.61000061035156,39.0,25018021,0.0,0.0
2025-04-11 00:00:00+05:30,40.5,40.650001525878906,39.20000076293945,40.029998779296875,27790938,0.0,0.0
2025-04-15 00:00:00+05:30,40.25,42.619998931884766,40.150001525878906,41.630001068115234,37743170,0.0,0.0
2025-04-16 00:00:00+05:30,41.849998474121094,42.58000183105469,41.529998779296875,41.83000183105469,28572869,0.0,0.0
2025-04-17 00:00:00+05:30,41.95000076293945,42.970001220703125,41.65999984741211,42.130001068115234,34311985,0.0,0.0
2025-04-21 00:00:00+05:30,42.349998474121094,44.66999816894531,42.04999923706055,44.220001220703125,65646083,0.0,0.0
2025-04-22 00:00:00+05:30,44.349998474121094,44.88999938964844,43.31999969482422,43.56999969482422,38248474,0.0,0.0
2025-04-23 00:00:00+05:30,43.81999969482422,44.130001068115234,42.36000061035156,43.529998779296875,36761938,0.0,0.0
2025-04-24 00:00:00+05:30,43.5,46.849998474121094,43.189998626708984,44.369998931884766,108970603,0.0,0.0
2025-04-25 00:00:00+05:30,44.560001373291016,44.900001525878906,40.90999984741211,41.36000061035156,76761733,0.0,0.0
2025-04-28 00:00:00+05:30,41.36000061035156,42.040000915527344,40.720001220703125,41.36000061035156,37007673,0.0,0.0
2025-04-29 00:00:00+05:30,41.79999923706055,42.619998931884766,40.81999969482422,41.0099983215332,42948903,0.0,0.0
2025-04-30 00:00:00+05:30,41.209999084472656,41.63999938964844,39.599998474121094,39.9900016784668,38773258,0.0,0.0
2025-05-02 00:00:00+05:30,40.75,41.54999923706055,40.119998931884766,40.22999954223633,41005943,0.0,0.0
2025-05-05 00:00:00+05:30,40.790000915527344,41.20000076293945,39.88999938964844,40.7400016784668,34447842,0.0,0.0
2025-05-06 00:00:00+05:30,40.88999938964844,41.13999938964844,38.119998931884766,38.25,43929196,0.0,0.0
2025-05-07 00:00:00+05:30,37.5,39.65999984741211,37.40999984741211,39.11000061035156,42652974,0.0,0.0
2025-05-08 00:00:00+05:30,39.70000076293945,40.099998474121094,37.849998474121094,38.2599983215332,35496065,0.0,0.0
2025-05-09 00:00:00+05:30,37.349998474121094,38.88999938964844,37.0,38.650001525878906,46574438,0.0,0.0
2025-05-12 00:00:00+05:30,42.400001525878906,43.91999816894531,41.2599983215332,42.77000045776367,164808188,0.0,0.0
2025-05-13 00:00:00+05:30,43.0,44.20000076293945,42.560001373291016,43.5099983215332,72440273,0.0,0.0
2025-05-14 00:00:00+05:30,43.709999084472656,44.599998474121094,43.5099983215332,44.310001373291016,51939999,0.0,0.0
2025-05-15 00:00:00+05:30,44.5,45.099998474121094,44.0,44.29999923706055,42282467,0.0,0.0
2025-05-16 00:00:00+05:30,44.400001525878906,45.369998931884766,43.86000061035156,45.06999969482422,66255066,0.0,0.0
2025-05-19 00:00:00+05:30,45.45000076293945,46.72999954223633,45.25,45.689998626708984,52981252,0.0,0.0
2025-05-20 00:00:00+05:30,46.04999923706055,46.810001373291016,44.52000045776367,44.72999954223633,59562425,0.0,0.0
2025-05-21 00:00:00+05:30,44.970001220703125,45.400001525878906,44.43000030517578,44.95000076293945,37308403,0.0,0.0
2025-05-22 00:00:00+05:30,45.0,45.70000076293945,43.849998474121094,44.59000015258789,42543687,0.0,0.0
2025-05-23 00:00:00+05:30,45.0,53.099998474121094,44.400001525878906,51.900001525878906,429237402,0.0,0.0
2025-05-26 00:00:00+05:30,52.900001525878906,55.099998474121094,50.099998474121094,50.68000030517578,237112807,0.0,0.0
2025-05-27 00:00:00+05:30,50.93000030517578,52.38999938964844,49.72999954223633,52.040000915527344,159938245,0.0,0.0
2025-05-28 00:00:00+05:30,52.5,52.720001220703125,50.209999084472656,50.43000030517578,95403583,0.0,0.0
2025-05-29 00:00:00+05:30,51.25,53.099998474121094,50.7599983215332,52.220001220703125,149479562,0.0,0.0
2025-05-30 00:00:00+05:30,52.47999954223633,60.5,52.16999816894531,58.099998474121094,533953928,0.0,0.0
2025-06-02 00:00:00+05:30,58.63999938964844,62.79999923706055,58.54999923706055,61.970001220703125,464241205,0.0,0.0
2025-06-03 00:00:00+05:30,61.97999954223633,62.41999816894531,58.5099983215332,58.88999938964844,168539891,0.0,0.0
2025-06-04 00:00:00+05:30,59.0,62.099998474121094,58.540000915527344,60.93000030517578,244780840,0.0,0.0
2025-06-05 00:00:00+05:30,60.099998474121094,63.43000030517578,59.900001525878906,60.88999938964844,169284176,0.0,0.0
2025-06-06 00:00:00+05:30,61.38999938964844,63.25,61.0,61.63999938964844,136471813,0.0,0.0
2025-06-09 00:00:00+05:30,62.279998779296875,64.94999694824219,62.20000076293945,64.62000274658203,187999844,0.0,0.0
2025-06-10 00:00:00+05:30,65.69000244140625,72.2300033569336,65.3499984741211,71.23999786376953,496220802,0.0,0.0
2025-06-11 00:00:00+05:30,73.18000030517578,76.48999786376953,70.38999938964844,71.2699966430664,460345451,0.0,0.0
2025-06-12 00:00:00+05:30,71.0,72.19999694824219,68.05000305175781,69.72000122070312,219771642,0.0,0.0
2025-06-13 00:00:00+05:30,67.0,69.18000030517578,66.5999984741211,67.05000305175781,153750944,0.0,0.0
2025-06-16 00:00:00+05:30,67.5,69.0,64.66999816894531,66.9800033569336,151517646,0.0,0.0
2025-06-17 00:00:00+05:30,66.0,66.0999984741211,63.630001068115234,63.630001068115234,22295701,0.0,0.0
2025-06-18 00:00:00+05:30,62.02000045776367,66.80999755859375,60.439998626708984,66.80000305175781,43549562,0.0,0.0
2025-06-19 00:00:00+05:30,65.80000305175781,66.9000015258789,63.459999084472656,63.52000045776367,26266935,0.0,0.0
2025-06-20 00:00:00+05:30,62.599998474121094,65.0,61.0099983215332,63.54999923706055,24273563,0.0,0.0
2025-06-23 00:00:00+05:30,62.119998931884766,63.439998626708984,61.400001525878906,62.599998474121094,16936215,0.0,0.0
2025-06-24 00:00:00+05:30,64.0,64.55000305175781,63.099998474121094,63.58000183105469,17540317,0.0,0.0
2025-06-25 00:00:00+05:30,64.16999816894531,66.75,63.599998474121094,66.75,27912726,0.0,0.0
2025-06-26 00:00:00+05:30,66.80000305175781,68.25,65.6500015258789,66.5999984741211,24841653,0.0,0.0
2025-06-27 00:00:00+05:30,66.4800033569336,69.5,65.55000305175781,69.18000030517578,31098403,0.0,0.0
2025-06-30 00:00:00+05:30,70.33999633789062,70.9000015258789,69.18000030517578,70.29000091552734,23480048,0.0,0.0
2025-07-01 00:00:00+05:30,70.19000244140625,70.9000015258789,68.01000213623047,69.62999725341797,15830190,0.0,0.0
2025-07-02 00:00:00+05:30,69.5,69.62999725341797,67.3499984741211,68.05000305175781,15009250,0.0,0.0
2025-07-03 00:00:00+05:30,66.4000015258789,67.0,64.69999694824219,65.54000091552734,22631212,0.0,0.0
2025-07-04 00:00:00+05:30,64.55000305175781,67.0,63.599998474121094,66.08000183105469,13602845,0.0,0.0
2025-07-07 00:00:00+05:30,66.0999984741211,66.69999694824219,65.01000213623047,65.2699966430664,10021212,0.0,0.0
2025-07-08 00:00:00+05:30,65.0999984741211,66.19999694824219,64.75,65.12000274658203,9321274,0.0,0.0
2025-07-09 00:00:00+05:30,65.0999984741211,65.5,64.0,64.30999755859375,9233633,0.0,0.0
2025-07-10 00:00:00+05:30,64.3499984741211,65.25,63.849998474121094,64.41999816894531,7678777,0.0,0.0
2025-07-11 00:00:00+05:30,64.69999694824219,66.1500015258789,64.4000015258789,64.80999755859375,9794974,0.0,0.0
2025-07-14 00:00:00+05:30,65.25,66.0999984741211,64.25,65.29000091552734,9214960,0.0,0.0
2025-07-15 00:00:00+05:30,65.5,65.9000015258789,64.26000213623047,64.52999877929688,6983417,0.0,0.0
2025-07-16 00:00:00+05:30,64.5,66.8499984741211,64.30999755859375,66.05000305175781,12919800,0.0,0.0
2025-07-17 00:00:00+05:30,66.37999725341797,66.5999984741211,65.0,65.11000061035156,8460948,0.0,0.0
2025-07-18 00:00:00+05:30,64.80000305175781,65.0,63.0,64.0199966430664,10004558,0.0,0.0
2025-07-21 00:00:00+05:30,64.0199966430664,64.69999694824219,63.25,63.52000045776367,7135361,0.0,0.0
2025-07-22 00:00:00+05:30,63.25,63.25,61.290000915527344,61.36000061035156,13274778,0.0,0.0
2025-07-23 00:00:00+05:30,60.79999923706055,63.70000076293945,59.0,62.91999816894531,17448889,0.0,0.0
2025-07-24 00:00:00+05:30,62.77000045776367,62.77000045776367,59.77000045776367,59.77000045776367,13853185,0.0,0.0
2025-07-25 00:00:00+05:30,56.779998779296875,58.27000045776367,56.779998779296875,56.779998779296875,9818341,0.0,0.0
2025-07-28 00:00:00+05:30,55.0,56.7400016784668,53.939998626708984,53.939998626708984,39576009,0.0,0.0
2025-07-29 00:00:00+05:30,52.15999984741211,56.5,51.79999923706055,56.16999816894531,25472728,0.0,0.0
2025-07-30 00:00:00+05:30,56.29999923706055,56.4900016784668,53.36000061035156,53.36000061035156,13105188,0.0,0.0
2025-07-31 00:00:00+05:30,52.20000076293945,54.290000915527344,51.25,52.72999954223633,9084527,0.0,0.0
2025-08-01 00:00:00+05:30,50.43000030517578,51.88999938964844,50.09000015258789,50.09000015258789,18167004,0.0,0.0
2025-08-04 00:00:00+05:30,47.58000183105469,47.58000183105469,47.58000183105469,47.58000183105469,4328586,0.0,0.0
2025-08-05 00:00:00+05:30,45.20000076293945,45.20000076293945,45.20000076293945,45.20000076293945,4793501,0.0,0.0
2025-08-06 00:00:00+05:30,43.54999923706055,47.459999084472656,42.939998626708984,47.459999084472656,62422211,0.0,0.0
2025-08-07 00:00:00+05:30,45.79999923706055,46.5,45.08000183105469,45.119998931884766,24245234,0.0,0.0
2025-08-08 00:00:00+05:30,44.150001525878906,45.70000076293945,42.86000061035156,43.029998779296875,17569894,0.0,0.0
2025-08-11 00:00:00+05:30,43.029998779296875,44.68000030517578,42.5,43.81999969482422,11525383,0.0,0.0
2025-08-12 00:00:00+05:30,44.099998474121094,44.650001525878906,43.369998931884766,43.959999084472656,7236259,0.0,0.0
2025-08-13 00:00:00+05:30,44.099998474121094,44.099998474121094,41.7599983215332,42.290000915527344,16455569,0.0,0.0
2025-08-14 00:00:00+05:30,42.0,44.0,41.880001068115234,43.29999923706055,8076717,0.0,0.0
2025-08-18 00:00:00+05:30,44.5,44.91999816894531,43.0,43.279998779296875,10734755,0.0,0.0
2025-08-19 00:00:00+05:30,43.5,45.439998626708984,43.5,45.439998626708984,11440175,0.0,0.0
2025-08-20 00:00:00+05:30,46.77000045776367,47.709999084472656,46.349998474121094,47.709999084472656,9161128,0.0,0.0
2025-08-21 00:00:00+05:30,49.900001525878906,50.09000015258789,48.65999984741211,50.09000015258789,16833636,0.0,0.0
2025-08-22 00:00:00+05:30,50.849998474121094,50.849998474121094,48.099998474121094,48.90999984741211,13414091,0.0,0.0
2025-08-25 00:00:00+05:30,46.61000061035156,47.45000076293945,46.459999084472656,46.459999084472656,6080818,0.0,0.0
2025-08-26 00:00:00+05:30,44.130001068115234,47.459999084472656,44.130001068115234,44.72999954223633,19497581,0.0,0.0
2025-08-28 00:00:00+05:30,44.5,46.2400016784668,43.75,45.18000030517578,11710855,0.0,0.0
2025-08-29 00:00:00+05:30,45.20000076293945,45.5,43.54999923706055,43.91999816894531,6840297,0.0,0.0
2025-09-01 00:00:00+05:30,44.5,44.900001525878906,43.54999923706055,44.040000915527344,8156919,0.0,0.0
2025-09-02 00:00:00+05:30,44.45000076293945,46.2400016784668,44.11000061035156,46.2400016784668,8199350,0.0,0.0
2025-09-03 00:00:00+05:30,46.97999954223633,48.34000015258789,46.66999816894531,47.75,17393883,0.0,0.0
2025-09-04 00:00:00+05:30,48.25,48.47999954223633,45.65999984741211,46.43000030517578,7181505,0.0,0.0
2025-09-05 00:00:00+05:30,46.70000076293945,47.439998626708984,45.70000076293945,46.91999816894531,8776126,0.0,0.0
2025-09-08 00:00:00+05:30,47.099998474121094,47.400001525878906,46.029998779296875,46.16999816894531,4746541,0.0,0.0
2025-09-09 00:00:00+05:30,46.38999938964844,46.939998626708984,45.599998474121094,46.630001068115234,11782922,0.0,0.0
2025-09-10 00:00:00+05:30,46.900001525878906,47.58000183105469,44.599998474121094,46.7599983215332,20098274,0.0,0.0
2025-09-11 00:00:00+05:30,46.70000076293945,47.5,45.900001525878906,46.400001525878906,13210388,0.0,0.0
2025-09-12 00:00:00+05:30,46.45000076293945,46.97999954223633,45.54999923706055,45.790000915527344,13544648,0.0,0.0
2025-09-15 00:00:00+05:30,45.65999984741211,46.70000076293945,45.52000045776367,45.650001525878906,9901944,0.0,0.0
2025-09-16 00:00:00+05:30,45.88999938964844,47.93000030517578,45.77000045776367,47.93000030517578,47950418,0.0,0.0
2025-09-17 00:00:00+05:30,47.93000030517578,49.279998779296875,47.599998474121094,48.83000183105469,25881569,0.0,0.0
2025-09-18 00:00:00+05:30,48.97999954223633,48.9900016784668,47.29999923706055,47.439998626708984,15744830,0.0,0.0
2025-09-19 00:00:00+05:30,47.54999923706055,48.25,46.56999969482422,48.040000915527344,20855537,0.0,0.0
2025-09-22 00:00:00+05:30,47.88999938964844,49.369998931884766,47.70000076293945,48.83000183105469,23188693,0.0,0.0
2025-09-23 00:00:00+05:30,48.9900016784668,49.029998779296875,47.61000061035156,47.84000015258789,10414579,0.0,0.0
2025-09-24 00:00:00+05:30,47.86000061035156,47.9900016784668,46.310001373291016,46.459999084472656,9617394,0.0,0.0
2025-09-25 00:00:00+05:30,46.61000061035156,47.099998474121094,45.90999984741211,46.0099983215332,7077680,0.0,0.0
2025-09-26 00:00:00+05:30,46.22999954223633,46.29999923706055,44.5,44.7599983215332,10410505,0.0,0.0
2025-09-29 00:00:00+05:30,45.02000045776367,45.97999954223633,44.18000030517578,44.88999938964844,15371397,0.0,0.0
2025-09-30 00:00:00+05:30,45.38999938964844,45.779998779296875,44.11000061035156,44.36000061035156,9964236,0.0,0.0
2025-10-01 00:00:00+05:30,44.29999923706055,45.880001068115234,44.119998931884766,45.70000076293945,16463032,0.0,0.0
2025-10-03 00:00:00+05:30,45.880001068115234,47.400001525878906,45.220001220703125,46.47999954223633,18241806,0.0,0.0
2025-10-06 00:00:00+05:30,46.20000076293945,46.599998474121094,45.150001525878906,45.349998474121094,10253061,0.0,0.0
2025-10-07 00:00:00+05:30,45.0,45.290000915527344,44.400001525878906,44.560001373291016,10615798,0.0,0.0
2025-10-08 00:00:00+05:30,45.540000915527344,46.0,44.380001068115234,44.790000915527344,18725334,0.0,0.0
2025-10-09 00:00:00+05:30,44.900001525878906,44.939998626708984,43.75,44.45000076293945,13585817,0.0,0.0
2025-10-10 00:00:00+05:30,44.099998474121094,50.72999954223633,44.099998474121094,48.58000183105469,119816888,0.0,0.0
2025-10-13 00:00:00+05:30,43.54999923706055,47.5099983215332,43.54999923706055,46.220001220703125,82072398,0.0,0.0
2025-10-14 00:00:00+05:30,46.560001373291016,46.709999084472656,44.709999084472656,45.099998474121094,25300657,0.0,0.0
2025-10-15 00:00:00+05:30,45.0,46.400001525878906,44.400001525878906,44.88999938964844,28900377,0.0,0.0
2025-10-16 00:00:00+05:30,45.25,46.08000183105469,44.400001525878906,45.04999923706055,17652238,0.0,0.0
2025-10-17 00:00:00+05:30,45.29999923706055,45.47999954223633,44.5,44.63999938964844,12405278,0.0,0.0
2025-10-20 00:00:00+05:30,45.0,45.06999969482422,44.040000915527344,44.15999984741211,13555368,0.0,0.0
2025-10-21 00:00:00+05:30,44.15999984741211,44.79999923706055,44.15999984741211,44.380001068115234,4186023,0.0,0.0
2025-10-23 00:00:00+05:30,44.54999923706055,46.58000183105469,44.40999984741211,45.08000183105469,32789890,0.0,0.0
2025-10-24 00:00:00+05:30,45.29999923706055,45.349998474121094,44.79999923706055,45.20000076293945,12844107,0.0,0.0
2025-10-27 00:00:00+05:30,45.150001525878906,45.72999954223633,44.5,44.630001068115234,18889482,0.0,0.0
2025-10-28 00:00:00+05:30,44.70000076293945,45.09000015258789,43.27000045776367,43.68000030517578,19638505,0.0,0.0
2025-10-29 00:00:00+05:30,43.68000030517578,47.599998474121094,43.310001373291016,46.29999923706055,86779552,0.0,0.0
2025-10-30 00:00:00+05:30,45.939998626708984,47.75,45.599998474121094,46.54999923706055,37974173,0.0,0.0
2025-10-31 00:00:00+05:30,46.29999923706055,47.599998474121094,45.599998474121094,46.41999816894531,33047813,0.0,0.0
2025-11-03 00:00:00+05:30,46.0,46.58000183105469,43.04999923706055,43.88999938964844,71977053,0.0,0.0
2025-11-04 00:00:00+05:30,43.02000045776367,43.369998931884766,40.400001525878906,40.720001220703125,89467539,0.0,0.0
2025-11-06 00:00:00+05:30,40.150001525878906,41.75,38.5,41.06999969482422,116769837,0.0,0.0
2025-11-07 00:00:00+05:30,41.2400016784668,41.2400016784668,39.0,39.189998626708984,47890590,0.0,0.0
2025-11-10 00:00:00+05:30,39.20000076293945,42.29999923706055,38.0,41.099998474121094,107659989,0.0,0.0
2025-11-11 00:00:00+05:30,41.0,41.72999954223633,39.91999816894531,41.189998626708984,61738021,0.0,0.0
2025-11-12 00:00:00+05:30,41.70000076293945,42.869998931884766,41.5,41.709999084472656,48742959,0.0,0.0
2025-11-13 00:00:00+05:30,41.880001068115234,42.59000015258789,41.0,41.2599983215332,42502044,0.0,0.0
2025-11-14 00:00:00+05:30,41.119998931884766,41.77000045776367,41.0,41.33000183105469,20734393,0.0,0.0
2025-11-17 00:00:00+05:30,41.7400016784668,42.380001068115234,40.70000076293945,40.86000061035156,35597089,0.0,0.0
2025-11-18 00:00:00+05:30,41.099998474121094,41.22999954223633,40.0,40.060001373291016,22517099,0.0,0.0
2025-11-19 00:00:00+05:30,40.20000076293945,40.41999816894531,39.630001068115234,39.93000030517578,25941417,0.0,0.0
2025-11-20 00:00:00+05:30,40.5,41.75,39.0,39.31999969482422,57712412,0.0,0.0
2025-11-21 00:00:00+05:30,39.9900016784668,39.9900016784668,38.75,38.84000015258789,24158857,0.0,0.0
2025-11-24 00:00:00+05:30,39.13999938964844,39.25,36.70000076293945,37.040000915527344,35050485,0.0,0.0
2025-11-25 00:00:00+05:30,37.0,37.86000061035156,36.83000183105469,37.20000076293945,30132335,0.0,0.0
2025-11-26 00:00:00+05:30,37.209999084472656,39.790000915527344,37.209999084472656,39.47999954223633,87191811,0.0,0.0
2025-11-27 00:00:00+05:30,40.0,40.79999923706055,39.5099983215332,40.209999084472656,65442955,0.0,0.0
2025-11-28 00:00:00+05:30,40.0,40.4900016784668,39.209999084472656,39.95000076293945,39216334,0.0,0.0
2025-12-01 00:00:00+05:30,39.86000061035156,40.130001068115234,38.79999923706055,38.91999816894531,21121484,0.0,0.0
2025-12-02 00:00:00+05:30,38.810001373291016,39.619998931884766,38.45000076293945,38.900001525878906,23038039,0.0,0.0
2025-12-03 00:00:00+05:30,38.7599983215332,39.060001373291016,38.04999923706055,38.40999984741211,19042693,0.0,0.0
2025-12-04 00:00:00+05:30,38.79999923706055,38.900001525878906,37.93000030517578,38.18000030517578,19759320,0.0,0.0
2025-12-05 00:00:00+05:30,38.290000915527344,38.29999923706055,37.400001525878906,37.68000030517578,15691246,0.0,0.0
2025-12-08 00:00:00+05:30,37.0,37.20000076293945,35.11000061035156,35.400001525878906,47507226,0.0,0.0
2025-12-09 00:00:00+05:30,35.400001525878906,36.11000061035156,34.5,35.619998931884766,39897531,0.0,0.0
2025-12-10 00:00:00+05:30,35.45000076293945,36.040000915527344,33.75,33.97999954223633,47374011,0.0,0.0
2025-12-11 00:00:00+05:30,33.97999954223633,34.20000076293945,32.400001525878906,33.540000915527344,58073861,0.0,0.0
2025-12-12 00:00:00+05:30,34.04999923706055,34.70000076293945,33.65999984741211,34.529998779296875,36916286,0.0,0.0
2025-12-15 00:00:00+05:30,34.310001373291016,35.06999969482422,34.029998779296875,34.349998474121094,33820011,0.0,0.0
2025-12-16 00:00:00+05:30,34.25,35.45000076293945,34.11000061035156,34.61000061035156,39451200,0.0,0.0
2025-12-17 00:00:00+05:30,34.83000183105469,37.43000030517578,34.5,35.689998626708984,137652546,0.0,0.0
2025-12-18 00:00:00+05:30,36.189998626708984,39.38999938964844,35.689998626708984,37.779998779296875,150046731,0.0,0.0
2025-12-19 00:00:00+05:30,38.0,38.849998474121094,37.68000030517578,38.560001373291016,52165113,0.0,0.0
2025-12-22 00:00:00+05:30,38.29999923706055,38.310001373291016,35.0,35.279998779296875,87976317,0.0,0.0
2025-12-23 00:00:00+05:30,35.45000076293945,36.88999938964844,34.59000015258789,36.279998779296875,81289761,0.0,0.0
2025-12-24 00:00:00+05:30,36.290000915527344,38.70000076293945,36.13999938964844,38.15999984741211,79204456,0.0,0.0
2025-12-26 00:00:00+05:30,38.349998474121094,38.54999923706055,36.2599983215332,36.540000915527344,50050397,0.0,0.0
2025-12-29 00:00:00+05:30,36.54999923706055,36.95000076293945,35.099998474121094,35.29999923706055,40796438,0.0,0.0
2025-12-30 00:00:00+05:30,35.70000076293945,35.70000076293945,33.349998474121094,33.65999984741211,99218059,0.0,0.0
2025-12-31 00:00:00+05:30,34.0,35.20000076293945,33.93000030517578,34.849998474121094,46879229,0.0,0.0
2026-01-01 00:00:00+05:30,35.36000061035156,35.52000045776367,34.54999923706055,34.720001220703125,27715090,0.0,0.0
2026-01-02 00:00:00+05:30,34.790000915527344,36.20000076293945,34.650001525878906,35.93000030517578,38879950,0.0,0.0
2026-01-05 00:00:00+05:30,35.93000030517578,36.40999984741211,35.119998931884766,35.849998474121094,27309057,0.0,0.0
2026-01-06 00:00:00+05:30,35.849998474121094,35.970001220703125,35.040000915527344,35.150001525878906,19164850,0.0,0.0
2026-01-07 00:00:00+05:30,35.16999816894531,35.2400016784668,34.75,35.02000045776367,14886007,0.0,0.0
2026-01-08 00:00:00+05:30,35.02000045776367,35.279998779296875,34.20000076293945,34.34000015258789,19611328,0.0,0.0
2026-01-09 00:00:00+05:30,34.2400016784668,34.689998626708984,33.70000076293945,33.880001068115234,25557023,0.0,0.0
2026-01-12 00:00:00+05:30,33.880001068115234,33.880001068115234,32.630001068115234,33.40999984741211,30498031,0.0,0.0
2026-01-13 00:00:00+05:30,33.900001525878906,34.220001220703125,33.13999938964844,33.459999084472656,39002540,0.0,0.0
2026-01-14 00:00:00+05:30,33.400001525878906,33.79999923706055,33.02000045776367,33.18000030517578,18407414,0.0,0.0
2026-01-15 00:00:00+05:30,33.18000030517578,33.18000030517578,33.18000030517578,33.18000030517578,0,0.0,0.0
2026-01-16 00:00:00+05:30,31.56999969482422,32.650001525878906,31.56999969482422,31.8799991607666,45354347,0.0,0.0
2026-01-19 00:00:00+05:30,31.979999542236328,32.13999938964844,31.0,31.110000610351562,35056032,0.0,0.0
2026-01-20 00:00:00+05:30,31.25,31.3700008392334,29.75,29.93000030517578,49689186,0.0,0.0
2026-01-21 00:00:00+05:30,30.0,30.3799991607666,29.399999618530273,29.610000610351562,58170056,0.0,0.0
2026-01-22 00:00:00+05:30,30.040000915527344,30.389999389648438,29.43000030517578,29.969999313354492,28523882,0.0,0.0
2026-01-23 00:00:00+05:30,30.399999618530273,30.399999618530273,28.0,28.270000457763672,54023006,0.0,0.0
2026-01-27 00:00:00+05:30,28.0,28.5,26.829999923706055,27.43000030517578,59312391,0.0,0.0
2026-01-28 00:00:00+05:30,27.809999465942383,29.68000030517578,27.549999237060547,29.399999618530273,63742888,0.0,0.0
2026-01-29 00:00:00+05:30,29.700000762939453,29.959999084472656,27.610000610351562,27.770000457763672,46966639,0.0,0.0
2026-01-30 00:00:00+05:30,27.770000457763672,28.700000762939453,27.100000381469727,28.25,49788152,0.0,0.0
2026-02-02 00:00:00+05:30,27.200000762939453,27.290000915527344,25.920000076293945,26.81999969482422,51171309,0.0,0.0
2026-02-03 00:00:00+05:30,28.200000762939453,28.399999618530273,27.139999389648438,28.170000076293945,46514007,0.0,0.0
2026-02-04 00:00:00+05:30,27.959999084472656,31.899999618530273,27.68000030517578,28.940000534057617,254948769,0.0,0.0
2026-02-05 00:00:00+05:30,29.139999389648438,29.18000030517578,27.860000610351562,28.1200008392334,57775559,0.0,0.0
2026-02-06 00:00:00+05:30,27.850000381469727,28.09000015258789,27.299999237060547,27.979999542236328,36274661,0.0,0.0
2026-02-09 00:00:00+05:30,28.5,28.850000381469727,27.860000610351562,28.43000030517578,37947374,0.0,0.0
2026-02-10 00:00:00+05:30,28.5,29.450000762939453,28.25,28.459999084472656,33121117,0.0,0.0
2026-02-11 00:00:00+05:30,28.549999237060547,28.579999923706055,27.729999542236328,27.860000610351562,29501355,0.0,0.0
2026-02-12 00:00:00+05:30,27.75,27.799999237060547,27.1299991607666,27.610000610351562,23121247,0.0,0.0
2026-02-13 00:00:00+05:30,27.40999984741211,27.420000076293945,26.700000762939453,26.799999237060547,24365146,0.0,0.0
2026-02-16 00:00:00+05:30,26.799999237060547,26.850000381469727,26.329999923706055,26.65999984741211,22534755,0.0,0.0
2026-02-17 00:00:00+05:30,26.799999237060547,27.5,26.700000762939453,27.329999923706055,36850286,0.0,0.0
2026-02-18 00:00:00+05:30,27.329999923706055,27.899999618530273,27.229999542236328,27.43000030517578,24487656,0.0,0.0
2026-02-19 00:00:00+05:30,27.299999237060547,27.43000030517578,26.649999618530273,26.739999771118164,21694897,0.0,0.0
2026-02-20 00:00:00+05:30,26.5,26.68000030517578,26.0,26.25,17440385,0.0,0.0
2026-02-23 00:00:00+05:30,26.299999237060547,26.5,25.540000915527344,25.899999618530273,31188803,0.0,0.0
2026-02-24 00:00:00+05:30,25.600000381469727,25.75,25.0,25.440000534057617,25481919,0.0,0.0
2026-02-25 00:00:00+05:30,25.399999618530273,25.979999542236328,25.25,25.540000915527344,23816041,0.0,0.0
2026-02-26 00:00:00+05:30,25.15999984741211,25.389999389648438,24.899999618530273,25.239999771118164,28675952,0.0,0.0
2026-02-27 00:00:00+05:30,25.010000228881836,25.299999237060547,23.299999237060547,23.969999313354492,46686630,0.0,0.0
2026-03-02 00:00:00+05:30,22.200000762939453,23.719999313354492,22.190000534057617,22.979999542236328,62641973,0.0,0.0
2026-03-04 00:00:00+05:30,22.739999771118164,24.100000381469727,22.1299991607666,23.170000076293945,81816662,0.0,0.0
2026-03-05 00:00:00+05:30,23.290000915527344,23.43000030517578,22.110000610351562,22.549999237060547,54097347,0.0,0.0
2026-03-06 00:00:00+05:30,22.40999984741211,23.239999771118164,22.290000915527344,22.440000534057617,50662050,0.0,0.0
2026-03-09 00:00:00+05:30,22.0,22.5,21.1299991607666,22.239999771118164,59298429,0.0,0.0
2026-03-10 00:00:00+05:30,22.420000076293945,22.799999237060547,22.100000381469727,22.709999084472656,34606931,0.0,0.0
2026-03-11 00:00:00+05:30,22.729999542236328,23.729999542236328,22.6200008392334,22.860000610351562,50916854,0.0,0.0
2026-03-12 00:00:00+05:30,22.649999618530273,24.280000686645508,22.280000686645508,23.65999984741211,78959343,0.0,0.0
2026-03-13 00:00:00+05:30,23.709999084472656,24.059999465942383,22.049999237060547,22.25,54253273,0.0,0.0
2026-03-16 00:00:00+05:30,22.440000534057617,22.59000015258789,21.8799991607666,22.420000076293945,50187806,0.0,0.0
2026-03-17 00:00:00+05:30,22.600000381469727,22.6200008392334,21.799999237060547,21.940000534057617,37577081,0.0,0.0
2026-03-18 00:00:00+05:30,22.170000076293945,23.040000915527344,22.100000381469727,22.739999771118164,42439197,0.0,0.0
2026-03-19 00:00:00+05:30,22.479999542236328,22.479999542236328,21.700000762939453,21.799999237060547,28699681,0.0,0.0
2026-03-20 00:00:00+05:30,22.0,23.489999771118164,21.969999313354492,22.6200008392334,73413252,0.0,0.0
2026-03-23 00:00:00+05:30,22.549999237060547,22.549999237060547,20.799999237060547,20.969999313354492,52461895,0.0,0.0
2026-03-24 00:00:00+05:30,21.950000762939453,21.950000762939453,20.899999618530273,21.399999618530273,49913772,0.0,0.0
2026-03-25 00:00:00+05:30,21.68000030517578,23.299999237060547,21.6200008392334,22.670000076293945,95720941,0.0,0.0
2026-03-27 00:00:00+05:30,22.600000381469727,22.75,21.209999084472656,21.350000381469727,90416080,0.0,0.0
2026-03-30 00:00:00+05:30,21.149999618530273,21.6299991607666,20.170000076293945,20.360000610351562,70358268,0.0,0.0
2026-04-01 00:00:00+05:30,21.649999618530273,22.670000076293945,21.079999923706055,22.350000381469727,78570171,0.0,0.0
2026-04-02 00:00:00+05:30,21.68000030517578,22.889999389648438,21.18000030517578,22.639999389648438,64121713,0.0,0.0
2026-04-06 00:00:00+05:30,22.649999618530273,23.729999542236328,22.030000686645508,23.299999237060547,92833211,0.0,0.0
2026-04-07 00:00:00+05:30,23.200000762939453,23.649999618530273,22.93000030517578,23.399999618530273,54870544,0.0,0.0
2026-04-08 00:00:00+05:30,24.450000762939453,25.100000381469727,24.170000076293945,24.760000228881836,94607637,0.0,0.0
2026-04-09 00:00:00+05:30,24.8799991607666,25.690000534057617,24.350000381469727,24.6200008392334,76097165,0.0,0.0
2026-04-10 00:00:00+05:30,24.68000030517578,25.68000030517578,24.6200008392334,25.209999084472656,59127901,0.0,0.0
2026-04-13 00:00:00+05:30,24.690000534057617,27.389999389648438,24.030000686645508,26.110000610351562,125266401,0.0,0.0
2026-04-15 00:00:00+05:30,26.950000762939453,29.950000762939453,26.850000381469727,28.940000534057617,250087845,0.0,0.0
2026-04-16 00:00:00+05:30,29.450000762939453,29.75,28.360000610351562,28.899999618530273,90523987,0.0,0.0
