date,open,high,low,close,volume
2020-12-31 18:30:00,5310.2,5338.0,5250.0,5280.15,1447187
2021-01-03 18:30:00,5324.0,5324.0,5196.2,5216.2,2333659
2021-01-04 18:30:00,5218.0,5224.2,5062.5,5119.0,3953400
2021-01-05 18:30:00,5130.0,5168.35,4990.3,5030.3,3607923
2021-01-06 18:30:00,5065.0,5131.55,5021.3,5081.0,3035750
2021-01-07 18:30:00,5130.0,5138.75,5042.0,5082.0,2998451
2021-01-10 18:30:00,5108.0,5110.95,4958.25,4984.25,2924164
2021-01-11 18:30:00,4984.25,5099.0,4951.0,5042.2,3335908
2021-01-12 18:30:00,5066.0,5074.0,4826.25,4902.9,3269373
2021-01-13 18:30:00,4902.9,4966.8,4834.0,4877.35,2680811
2021-01-14 18:30:00,4877.0,4927.0,4842.4,4883.6,2544916
2021-01-17 18:30:00,4870.0,4880.0,4686.0,4719.85,3703413
2021-01-18 18:30:00,4765.1,4994.95,4752.0,4959.15,4767465
2021-01-19 18:30:00,4968.0,5032.6,4901.0,4981.95,3314707
2021-01-20 18:30:00,4993.0,5225.0,4990.0,5118.3,7061809
2021-01-21 18:30:00,5135.0,5137.0,4945.6,4972.55,3084796
2021-01-24 18:30:00,5049.0,5163.0,4890.0,4908.7,3673060
2021-01-26 18:30:00,4921.3,4945.6,4811.0,4845.0,2800493
2021-01-27 18:30:00,4779.55,4909.0,4723.1,4810.25,3477329
2021-01-28 18:30:00,4886.7,4950.0,4707.1,4734.55,4260795
2021-01-31 18:30:00,4775.0,5080.0,4666.5,5058.6,4290745
2021-02-01 18:30:00,5100.0,5337.95,5094.9,5173.2,4347993
2021-02-02 18:30:00,5218.6,5270.0,5140.0,5245.1,2650783
2021-02-03 18:30:00,5214.0,5543.0,5206.05,5504.85,5325888
2021-02-04 18:30:00,5526.0,5627.0,5470.0,5538.55,4437987
2021-02-07 18:30:00,5542.0,5665.0,5475.3,5497.7,2800809
2021-02-08 18:30:00,5537.5,5539.0,5382.6,5400.3,2263904
2021-02-09 18:30:00,5434.7,5502.35,5395.0,5475.9,2638012
2021-02-10 18:30:00,5470.0,5588.0,5455.75,5567.05,2028947
2021-02-11 18:30:00,5570.0,5618.0,5532.05,5577.45,1625268
2021-02-14 18:30:00,5605.35,5799.0,5600.0,5779.85,3168826
2021-02-15 18:30:00,5791.4,5822.2,5690.3,5760.25,2126810
2021-02-16 18:30:00,5730.0,5799.0,5670.0,5705.15,2346395
2021-02-17 18:30:00,5699.0,5714.75,5522.2,5563.35,2317513
2021-02-18 18:30:00,5560.0,5621.95,5425.0,5497.95,2744456
2021-02-21 18:30:00,5480.0,5538.7,5334.75,5376.85,2000563
2021-02-22 18:30:00,5420.0,5504.65,5350.0,5383.7,2190245
2021-02-23 18:30:00,5444.0,5578.9,5383.0,5562.9,1908795
2021-02-24 18:30:00,5601.0,5619.95,5511.35,5529.95,1584595
2021-02-25 18:30:00,5430.0,5454.0,5221.0,5264.9,3713326
2021-02-28 18:30:00,5315.0,5369.9,5195.0,5266.8,2031881
2021-03-01 18:30:00,5300.0,5410.0,5262.05,5316.3,2208634
2021-03-02 18:30:00,5364.15,5573.35,5340.1,5542.9,2252413
2021-03-03 18:30:00,5430.0,5567.15,5401.0,5485.9,2234698
2021-03-04 18:30:00,5440.0,5519.75,5402.1,5444.9,2075760
2021-03-07 18:30:00,5469.0,5493.95,5311.0,5320.65,1721042
2021-03-08 18:30:00,5371.0,5445.0,5335.0,5415.05,1811496
2021-03-09 18:30:00,5440.0,5561.0,5440.0,5545.05,2191250
2021-03-11 18:30:00,5600.0,5670.0,5521.0,5557.85,2508013
2021-03-14 18:30:00,5571.05,5585.65,5350.55,5439.05,2087010
2021-03-15 18:30:00,5488.45,5507.0,5420.0,5455.95,1561305
2021-03-16 18:30:00,5460.0,5460.4,5344.45,5359.8,1134758
2021-03-17 18:30:00,5423.0,5545.0,5305.0,5371.85,2339058
2021-03-18 18:30:00,5316.0,5479.0,5190.05,5453.25,3220310
2021-03-21 18:30:00,5446.5,5497.0,5337.0,5389.35,1938461
2021-03-22 18:30:00,5410.0,5445.0,5350.0,5378.8,1849038
2021-03-23 18:30:00,5374.0,5374.0,5260.0,5270.3,1737643
2021-03-24 18:30:00,5280.0,5300.0,5103.15,5122.2,2343271
2021-03-25 18:30:00,5170.0,5248.0,5135.0,5183.05,2347460
2021-03-29 18:30:00,5234.85,5260.0,5150.0,5193.55,1845391
2021-03-30 18:30:00,5185.0,5218.8,5122.95,5149.85,1845975
2021-03-31 18:30:00,5210.0,5288.5,5161.95,5272.15,2148234
2021-04-04 18:30:00,5259.0,5259.0,4920.6,4962.5,3739680
2021-04-05 18:30:00,5050.0,5059.45,4952.6,4993.1,2070906
2021-04-06 18:30:00,4980.0,5109.0,4940.0,5077.1,2402782
2021-04-07 18:30:00,5100.0,5115.0,5015.0,5029.5,1407879
2021-04-07 18:30:00,5077.1,5077.1,5077.1,5077.1,124216
2021-04-08 18:30:00,5000.0,5010.0,4845.0,4872.3,2902646
2021-04-11 18:30:00,4740.0,4740.0,4400.0,4511.0,4500046
2021-04-12 18:30:00,4535.1,4774.9,4514.05,4728.75,3175019
2021-04-14 18:30:00,4708.1,4750.0,4566.1,4660.3,2897185
2021-04-15 18:30:00,4661.0,4690.0,4590.0,4616.6,2142648
2021-04-18 18:30:00,4450.0,4504.0,4362.0,4479.6,3426507
2021-04-19 18:30:00,4563.0,4699.0,4555.2,4613.65,3394597
2021-04-21 18:30:00,4550.0,4714.0,4505.75,4688.7,2563539
2021-04-22 18:30:00,4621.1,4759.8,4610.5,4667.8,2729525
2021-04-25 18:30:00,4690.0,4829.0,4690.0,4736.55,2903989
2021-04-26 18:30:00,4747.0,4889.85,4746.55,4865.05,2644997
2021-04-27 18:30:00,4915.0,5310.0,4915.0,5280.9,8576454
2021-04-28 18:30:00,5350.0,5525.0,5330.0,5484.85,7258486
2021-04-29 18:30:00,5350.0,5524.65,5327.7,5451.9,4124888
2021-05-02 18:30:00,5316.3,5580.0,5291.25,5551.15,4033591
2021-05-03 18:30:00,5610.0,5749.95,5560.0,5615.75,4838347
2021-05-04 18:30:00,5683.0,5700.0,5452.4,5515.15,4378693
2021-05-05 18:30:00,5568.0,5619.9,5473.35,5528.8,2223111
2021-05-06 18:30:00,5590.0,5613.15,5458.0,5493.8,1851033
2021-05-09 18:30:00,5575.0,5575.0,5445.0,5497.5,1997339
2021-05-10 18:30:00,5411.25,5458.1,5390.0,5424.7,1617248
2021-05-11 18:30:00,5413.1,5440.0,5329.4,5358.4,1539336
2021-05-13 18:30:00,5405.0,5405.0,5267.0,5330.35,1525762
2021-05-16 18:30:00,5350.0,5490.0,5315.05,5430.1,2411583
2021-05-17 18:30:00,5501.0,5705.0,5501.0,5688.75,3147883
2021-05-18 18:30:00,5674.95,5722.9,5595.0,5631.2,2250906
2021-05-19 18:30:00,5628.0,5658.0,5545.0,5588.75,1488827
2021-05-20 18:30:00,5660.0,5695.0,5586.3,5631.75,1856966
2021-05-23 18:30:00,5634.0,5688.0,5590.0,5602.9,1215060
2021-05-24 18:30:00,5640.0,5658.8,5582.0,5618.65,1315546
2021-05-25 18:30:00,5640.0,5794.8,5586.1,5771.15,2916746
2021-05-26 18:30:00,5779.95,5782.15,5651.0,5682.2,2152590
2021-05-27 18:30:00,5724.0,5750.0,5592.1,5610.75,1526375
2021-05-30 18:30:00,5620.0,5664.7,5560.0,5627.95,1795811
2021-05-31 18:30:00,5644.0,5818.0,5625.4,5784.8,2853451
2021-06-01 18:30:00,5756.5,5845.0,5742.55,5808.65,2013195
2021-06-02 18:30:00,5840.0,5915.0,5780.15,5901.5,2230378
2021-06-03 18:30:00,5915.0,6010.0,5900.0,5993.45,2445367
2021-06-06 18:30:00,5800.0,5843.85,5682.45,5729.75,2835805
2021-06-07 18:30:00,5751.0,5817.0,5720.15,5755.4,1789007
2021-06-08 18:30:00,5795.0,5795.0,5627.3,5674.5,1538112
2021-06-09 18:30:00,5715.0,6115.0,5677.0,6086.4,5296120
2021-06-10 18:30:00,6105.35,6230.0,6045.2,6120.0,3702721
2021-06-13 18:30:00,6069.7,6249.0,5975.6,6194.15,2633601
2021-06-14 18:30:00,6219.0,6239.8,6150.0,6161.15,1523661
2021-06-15 18:30:00,6140.0,6160.9,6062.8,6081.6,1481658
2021-06-16 18:30:00,5920.0,6115.0,5920.0,6050.25,1871857
2021-06-17 18:30:00,6089.9,6148.0,5965.05,6087.05,2709615
2021-06-20 18:30:00,6000.0,6135.0,5987.1,6116.0,1271962
2021-06-21 18:30:00,6150.0,6189.0,6000.0,6016.8,1540611
2021-06-22 18:30:00,6051.0,6115.0,6001.0,6015.6,1238215
2021-06-23 18:30:00,6027.0,6108.0,6011.0,6043.6,1082421
2021-06-24 18:30:00,6057.0,6107.0,6030.2,6075.8,961994
2021-06-27 18:30:00,6100.0,6117.7,6015.0,6037.05,828481
2021-06-28 18:30:00,6040.0,6137.65,6002.1,6052.4,1310079
2021-06-29 18:30:00,6050.0,6125.0,6000.0,6015.85,1225794
2021-06-30 18:30:00,6040.0,6040.0,5940.0,5967.15,1120601
2021-07-01 18:30:00,6000.0,6030.0,5965.0,5997.75,811298
2021-07-04 18:30:00,6029.0,6095.95,6006.05,6072.7,863179
2021-07-05 18:30:00,6055.0,6342.8,6053.0,6202.4,3491393
2021-07-06 18:30:00,6220.0,6286.0,6160.4,6198.6,1947925
2021-07-07 18:30:00,6180.0,6220.9,6080.4,6117.8,1130560
2021-07-08 18:30:00,6083.0,6171.0,6061.05,6136.15,1447544
2021-07-11 18:30:00,6175.0,6198.9,6103.6,6149.55,978740
2021-07-12 18:30:00,6185.0,6225.0,6140.0,6154.3,1002127
2021-07-13 18:30:00,6150.0,6182.0,6120.0,6133.9,776574
2021-07-14 18:30:00,6133.9,6177.2,6102.0,6129.7,870990
2021-07-15 18:30:00,6125.0,6190.0,6097.2,6125.45,963121
2021-07-18 18:30:00,6088.0,6123.0,5935.0,6015.4,1290532
2021-07-19 18:30:00,6020.0,6027.95,5868.0,5941.85,1401837
2021-07-21 18:30:00,5930.0,6244.0,5921.15,6195.55,3488591
2021-07-22 18:30:00,6189.0,6225.0,6140.0,6180.9,953739
2021-07-25 18:30:00,6150.0,6198.3,6130.0,6162.45,733502
2021-07-26 18:30:00,6180.0,6327.0,6175.0,6231.45,2068528
2021-07-27 18:30:00,6257.9,6284.0,6157.0,6262.0,1149153
2021-07-28 18:30:00,6289.95,6430.0,6264.05,6400.1,1484664
2021-07-29 18:30:00,6416.85,6416.85,6212.2,6228.1,1406885
2021-08-01 18:30:00,6270.0,6283.95,6170.0,6200.5,1012435
2021-08-02 18:30:00,6215.0,6342.0,6206.0,6331.9,1091710
2021-08-03 18:30:00,6343.0,6477.45,6315.0,6359.15,1632091
2021-08-04 18:30:00,6354.0,6355.5,6232.0,6248.25,866567
2021-08-05 18:30:00,6285.0,6299.5,6211.0,6224.3,729789
2021-08-08 18:30:00,6225.0,6269.95,6136.05,6193.15,881179
2021-08-09 18:30:00,6225.0,6248.45,6142.05,6170.1,731009
2021-08-10 18:30:00,6176.1,6199.95,6057.0,6167.8,791929
2021-08-11 18:30:00,6181.0,6254.9,6151.25,6199.5,794602
2021-08-12 18:30:00,6210.0,6228.85,6131.0,6156.55,667932
2021-08-15 18:30:00,6149.0,6395.0,6103.85,6377.15,1423335
2021-08-16 18:30:00,6409.95,6436.85,6305.0,6410.1,1602776
2021-08-17 18:30:00,6434.0,6640.0,6406.05,6544.1,2153730
2021-08-19 18:30:00,6471.95,6732.7,6455.65,6661.1,2164732
2021-08-22 18:30:00,6740.0,6819.5,6697.0,6752.2,1738340
2021-08-23 18:30:00,6775.0,7049.0,6727.95,6980.1,2622990
2021-08-24 18:30:00,7005.0,7054.0,6921.0,6944.95,1509667
2021-08-25 18:30:00,6900.0,6993.25,6855.0,6931.95,1234588
2021-08-26 18:30:00,6950.0,7024.35,6872.0,6966.6,935906
2021-08-29 18:30:00,6995.95,7197.0,6980.0,7165.5,1504382
2021-08-30 18:30:00,7160.0,7598.8,7130.0,7524.5,2946438
2021-08-31 18:30:00,7525.0,7674.5,7483.35,7519.6,2227789
2021-09-01 18:30:00,7500.0,7586.4,7445.05,7498.45,1183378
2021-09-02 18:30:00,7500.0,7555.0,7461.75,7523.4,880247
2021-09-05 18:30:00,7550.0,7615.0,7485.1,7506.35,897071
2021-09-06 18:30:00,7528.9,7566.25,7407.2,7457.3,836013
2021-09-07 18:30:00,7457.0,7514.0,7411.05,7463.2,859256
2021-09-08 18:30:00,7430.0,7460.0,7380.0,7430.65,700436
2021-09-12 18:30:00,7430.65,7495.0,7352.0,7445.55,802565
2021-09-13 18:30:00,7480.0,7530.0,7408.0,7417.55,719258
2021-09-14 18:30:00,7445.0,7480.0,7380.0,7414.15,657283
2021-09-15 18:30:00,7445.0,7445.0,7330.5,7411.5,577129
2021-09-16 18:30:00,7445.5,7679.95,7360.0,7428.8,3474969
2021-09-19 18:30:00,7360.0,7581.0,7320.75,7442.45,1083806
2021-09-20 18:30:00,7481.15,7847.1,7401.0,7813.85,1993133
2021-09-21 18:30:00,7850.0,7895.0,7771.0,7793.65,1500541
2021-09-22 18:30:00,7863.6,7999.0,7804.65,7899.05,2109147
2021-09-23 18:30:00,7949.85,7949.85,7725.65,7793.4,1129346
2021-09-26 18:30:00,7849.0,7860.0,7740.05,7795.45,650774
2021-09-27 18:30:00,7815.0,7825.0,7425.05,7543.3,1572301
2021-09-28 18:30:00,7529.0,7635.85,7456.15,7515.4,945879
2021-09-29 18:30:00,7545.0,7700.0,7490.9,7668.1,1490707
2021-09-30 18:30:00,7620.0,7639.2,7475.0,7522.75,937740
2021-10-03 18:30:00,7522.75,7522.75,7522.75,7522.75,258294
2021-10-03 18:30:00,7588.0,7769.0,7560.15,7695.05,1090198
2021-10-04 18:30:00,7683.0,7765.0,7634.1,7724.2,773243
2021-10-05 18:30:00,7810.0,7880.6,7685.0,7735.15,1764631
2021-10-06 18:30:00,7845.9,7885.0,7738.0,7747.9,940550
2021-10-07 18:30:00,7750.0,7829.0,7712.0,7732.2,756571
2021-10-10 18:30:00,7773.9,7904.4,7752.0,7817.1,908648
2021-10-11 18:30:00,7810.0,7925.0,7750.0,7855.75,1099449
2021-10-12 18:30:00,7907.9,8010.0,7861.3,7929.3,1052438
2021-10-13 18:30:00,7969.0,7969.0,7812.35,7862.9,1134849
2021-10-17 18:30:00,8050.0,8050.0,7800.8,7865.55,855098
2021-10-18 18:30:00,7890.0,7914.7,7671.0,7739.3,1244989
2021-10-19 18:30:00,7741.0,7833.55,7575.0,7761.35,1102899
2021-10-20 18:30:00,7830.0,7830.0,7685.0,7737.3,639461
2021-10-21 18:30:00,7756.0,7935.0,7665.0,7710.2,1517376
2021-10-24 18:30:00,7750.0,7837.75,7350.5,7646.65,1169729
2021-10-25 18:30:00,7695.0,7894.95,7651.1,7855.65,1660575
2021-10-26 18:30:00,7870.0,7919.95,7461.0,7482.15,3112233
2021-10-27 18:30:00,7540.0,7596.0,7353.4,7484.25,1572302
2021-10-28 18:30:00,7480.0,7549.7,7313.05,7400.2,948334
2021-10-31 18:30:00,7430.0,7500.2,7220.0,7413.95,1037314
2021-11-01 18:30:00,7466.7,7555.0,7400.25,7455.35,687116
2021-11-02 18:30:00,7486.0,7538.8,7451.0,7516.25,668704
2021-11-03 18:30:00,7561.0,7569.0,7515.0,7525.1,94033
2021-11-07 18:30:00,7543.9,7713.15,7486.0,7673.65,900301
2021-11-08 18:30:00,7700.0,7754.4,7550.0,7577.5,800247
2021-11-09 18:30:00,7545.0,7610.0,7505.0,7581.45,464989
2021-11-10 18:30:00,7570.2,7600.95,7410.0,7452.7,634400
2021-11-11 18:30:00,7500.0,7600.25,7453.0,7579.1,497128
2021-11-14 18:30:00,7579.0,7627.45,7490.0,7534.25,402518
2021-11-15 18:30:00,7525.0,7650.0,7500.75,7555.7,598049
2021-11-16 18:30:00,7528.0,7692.0,7521.25,7607.65,645574
2021-11-17 18:30:00,7620.0,7697.7,7440.0,7484.95,772539
2021-11-21 18:30:00,7492.0,7514.5,6990.05,7058.3,1935243
2021-11-22 18:30:00,7000.0,7178.0,6924.1,7114.3,1187589
2021-11-23 18:30:00,7160.0,7319.8,7066.0,7177.3,1099380
2021-11-24 18:30:00,7150.0,7205.0,7086.8,7125.8,615486
2021-11-25 18:30:00,7021.0,7047.9,6775.0,6807.05,1689082
2021-11-28 18:30:00,6767.0,6980.0,6678.3,6905.75,1491815
2021-11-29 18:30:00,6910.0,7199.8,6849.25,6997.25,2195539
2021-11-30 18:30:00,7032.2,7107.7,6951.0,7038.7,1136768
2021-12-01 18:30:00,7090.0,7210.0,7022.4,7180.5,847704
2021-12-02 18:30:00,7160.0,7233.8,7055.0,7069.25,816411
2021-12-05 18:30:00,7069.25,7095.9,6938.1,6951.75,858253
2021-12-06 18:30:00,7048.0,7170.0,6958.0,7103.15,1079608
2021-12-07 18:30:00,7120.0,7386.35,7120.0,7361.5,1402691
2021-12-08 18:30:00,7400.0,7468.1,7337.0,7440.3,1076950
2021-12-09 18:30:00,7374.0,7467.0,7360.0,7452.5,679145
2021-12-12 18:30:00,7470.0,7477.0,7199.0,7218.75,1298599
2021-12-13 18:30:00,7180.0,7180.0,7035.0,7065.9,1276481
2021-12-14 18:30:00,7072.5,7072.5,6831.0,6847.25,1817528
2021-12-15 18:30:00,6945.0,7063.45,6932.9,7028.85,1768318
2021-12-16 18:30:00,7000.0,7025.0,6865.0,6901.1,1680511
2021-12-19 18:30:00,6850.0,6864.85,6492.6,6634.15,2226319
2021-12-20 18:30:00,6725.15,6750.0,6540.0,6577.55,1375591
2021-12-21 18:30:00,6635.0,6790.75,6623.8,6771.2,1267898
2021-12-22 18:30:00,6840.0,6993.5,6838.25,6917.75,1339399
2021-12-23 18:30:00,6984.9,6987.95,6757.6,6852.0,980774
2021-12-26 18:30:00,6751.0,6908.8,6654.05,6890.75,912360
2021-12-27 18:30:00,6980.0,6980.0,6861.75,6906.65,862464
2021-12-28 18:30:00,6884.9,6949.95,6853.05,6911.65,532379
2021-12-29 18:30:00,6899.9,6944.95,6856.9,6871.1,658992
2021-12-30 18:30:00,6882.0,6999.0,6875.55,6977.3,769907
2022-01-02 18:30:00,6975.0,7243.95,6975.0,7219.6,1269725
2022-01-03 18:30:00,7250.0,7375.0,7235.5,7343.0,959173
2022-01-04 18:30:00,7469.9,7691.15,7415.0,7670.8,2583262
2022-01-05 18:30:00,7525.0,7779.35,7521.0,7748.25,1535986
2022-01-06 18:30:00,7763.95,7785.0,7585.0,7659.35,1165951
2022-01-09 18:30:00,7686.0,7759.0,7669.75,7731.3,639060
2022-01-10 18:30:00,7739.0,7759.95,7571.0,7669.85,1037912
2022-01-11 18:30:00,7726.0,7869.0,7691.8,7774.5,1458404
2022-01-12 18:30:00,7828.0,7849.55,7774.0,7808.35,616374
2022-01-13 18:30:00,7775.0,7846.1,7728.5,7832.2,569635
2022-01-16 18:30:00,7819.5,7910.0,7801.55,7852.6,679774
2022-01-17 18:30:00,7899.95,7945.0,7716.05,7744.0,1130024
2022-01-18 18:30:00,7850.0,8045.0,7473.0,7571.8,5000317
2022-01-19 18:30:00,7610.0,7650.0,7401.0,7530.25,2910383
2022-01-20 18:30:00,7402.5,7499.0,7305.85,7373.75,1370450
2022-01-23 18:30:00,7350.0,7350.0,6817.7,6931.75,2502582
2022-01-24 18:30:00,6900.0,6996.0,6752.2,6963.75,2525934
2022-01-26 18:30:00,6823.6,6902.35,6708.1,6837.0,1761028
2022-01-27 18:30:00,6961.05,7045.6,6845.0,6867.25,1467522
2022-01-30 18:30:00,6979.9,7075.9,6930.1,7000.25,1251249
2022-01-31 18:30:00,7075.9,7115.8,6886.0,7014.6,1383449
2022-02-01 18:30:00,7100.0,7280.0,7095.0,7247.45,1339821
2022-02-02 18:30:00,7253.0,7287.05,7100.0,7110.65,839856
2022-02-03 18:30:00,7090.0,7188.4,7055.0,7158.4,823208
2022-02-06 18:30:00,7165.0,7165.0,6881.0,6930.6,1183012
2022-02-07 18:30:00,7000.0,7147.0,6914.7,7055.0,1640542
2022-02-08 18:30:00,7128.55,7157.9,7070.0,7117.35,649166
2022-02-09 18:30:00,7135.0,7240.0,7065.0,7137.0,1244200
2022-02-10 18:30:00,7040.0,7079.95,6921.05,7011.6,1276461
2022-02-13 18:30:00,6810.0,6930.0,6744.05,6785.95,1169766
2022-02-14 18:30:00,6800.0,7195.0,6785.95,7142.05,1346820
2022-02-15 18:30:00,7185.0,7224.95,7050.0,7068.6,1054041
2022-02-16 18:30:00,7120.0,7128.0,6982.0,7082.45,903616
2022-02-17 18:30:00,7020.0,7116.0,7010.0,7030.1,762517
2022-02-20 18:30:00,7000.0,7080.9,6911.0,7006.35,816664
2022-02-21 18:30:00,6800.0,7036.15,6789.0,7011.35,1258732
2022-02-22 18:30:00,7060.0,7117.35,7027.45,7044.55,795228
2022-02-23 18:30:00,6800.0,6900.2,6592.45,6627.8,1930040
2022-02-24 18:30:00,6800.0,6989.95,6759.0,6969.4,1413281
2022-02-27 18:30:00,6860.0,7025.0,6806.6,7002.3,1580891
2022-03-01 18:30:00,6918.0,6936.35,6762.0,6831.55,1608009
2022-03-02 18:30:00,6920.0,6944.3,6725.0,6748.35,1333999
2022-03-03 18:30:00,6688.4,6698.0,6500.0,6537.9,1996509
2022-03-06 18:30:00,6350.0,6370.0,6100.0,6125.0,2843588
2022-03-07 18:30:00,6128.0,6217.35,5912.9,6161.85,2885783
2022-03-08 18:30:00,6219.5,6525.0,6121.85,6472.5,2280131
2022-03-09 18:30:00,6794.0,6794.0,6501.0,6584.9,2091561
2022-03-10 18:30:00,6550.0,6685.0,6490.05,6628.0,1264771
2022-03-13 18:30:00,6601.0,6689.0,6500.0,6665.45,1266846
2022-03-14 18:30:00,6677.2,6750.0,6605.0,6666.55,1479270
2022-03-15 18:30:00,6780.0,6899.4,6743.35,6840.6,1633596
2022-03-16 18:30:00,6947.7,7056.9,6930.1,6994.4,1670678
2022-03-20 18:30:00,7000.0,7018.75,6850.0,6870.4,962019
2022-03-21 18:30:00,6870.0,7010.0,6767.0,6985.8,1273796
2022-03-22 18:30:00,7050.0,7104.0,6970.0,7004.8,1176750
2022-03-23 18:30:00,6969.0,7035.55,6881.25,6997.55,783716
2022-03-24 18:30:00,7059.0,7067.45,6940.0,6973.5,702373
2022-03-27 18:30:00,6990.0,7035.0,6870.0,7001.4,936973
2022-03-28 18:30:00,7040.0,7060.0,6984.5,7039.35,715950
2022-03-29 18:30:00,7100.0,7274.45,7099.0,7251.85,1272254
2022-03-30 18:30:00,7287.95,7445.0,7240.65,7259.95,1633011
2022-03-31 18:30:00,7229.95,7449.0,7220.3,7408.1,871513
2022-04-03 18:30:00,7449.0,7590.9,7430.0,7490.65,1049759
2022-04-04 18:30:00,7435.0,7479.95,7330.0,7388.45,1072082
2022-04-05 18:30:00,7350.0,7425.0,7300.0,7346.95,767031
2022-04-06 18:30:00,7310.0,7356.0,7270.0,7290.2,718266
2022-04-07 18:30:00,7328.3,7425.0,7260.0,7366.6,881973
2022-04-10 18:30:00,7345.05,7384.0,7295.0,7336.65,597508
2022-04-11 18:30:00,7299.95,7299.95,7220.0,7274.5,805598
2022-04-12 18:30:00,7313.0,7380.0,7282.05,7328.45,672317
2022-04-17 18:30:00,7265.5,7375.0,7231.6,7261.45,758222
2022-04-18 18:30:00,7300.0,7443.3,7151.0,7259.55,1191110
2022-04-19 18:30:00,7274.95,7294.7,6960.0,7032.5,1558181
2022-04-20 18:30:00,7099.0,7187.0,7047.3,7138.1,875343
2022-04-21 18:30:00,7080.0,7207.0,7071.4,7110.75,807987
2022-04-24 18:30:00,7000.0,7074.95,6950.0,7005.5,684953
2022-04-25 18:30:00,7131.0,7262.95,7097.0,7240.55,1012419
2022-04-26 18:30:00,7100.0,7100.0,6688.85,6714.1,3984357
2022-04-27 18:30:00,6748.0,6805.0,6580.0,6727.65,2499094
2022-04-28 18:30:00,6800.0,6823.6,6651.0,6671.8,1337517
2022-05-01 18:30:00,6550.0,6649.85,6525.5,6626.15,1238741
2022-05-03 18:30:00,6629.9,6667.8,6290.0,6339.75,1649115
2022-05-04 18:30:00,6400.0,6497.45,6290.0,6309.45,1486028
2022-05-05 18:30:00,6201.0,6205.05,5975.0,6000.3,3064865
2022-05-08 18:30:00,5961.0,6135.25,5832.55,6036.95,1935648
2022-05-09 18:30:00,6000.0,6113.05,5900.0,5928.45,1177933
2022-05-10 18:30:00,5957.0,5996.6,5737.0,5807.0,1861339
2022-05-11 18:30:00,5750.0,5764.75,5505.9,5593.4,2494044
2022-05-12 18:30:00,5700.0,5749.0,5500.0,5515.75,2105315
2022-05-15 18:30:00,5575.0,5711.95,5488.0,5645.4,1414955
2022-05-16 18:30:00,5660.0,5849.0,5652.0,5837.3,1401770
2022-05-17 18:30:00,5889.95,5956.7,5790.0,5815.2,1655094
2022-05-18 18:30:00,5651.0,5745.0,5611.0,5707.0,1065025
2022-05-19 18:30:00,5840.0,5841.95,5712.0,5769.6,1098610
2022-05-22 18:30:00,5825.0,5906.25,5771.2,5794.0,968021
2022-05-23 18:30:00,5783.0,5833.0,5725.0,5798.8,1084069
2022-05-24 18:30:00,5839.0,5877.7,5801.8,5827.4,867598
2022-05-25 18:30:00,5850.0,5875.45,5653.4,5817.8,1259546
2022-05-26 18:30:00,5900.0,6077.0,5861.05,5993.5,1625805
2022-05-29 18:30:00,6088.0,6127.0,6041.1,6111.2,817484
2022-05-30 18:30:00,6110.0,6169.2,6016.45,6082.15,1548966
2022-05-31 18:30:00,6060.0,6130.0,5977.25,6010.15,887620
2022-06-01 18:30:00,6007.0,6080.0,5949.2,6057.85,750809
2022-06-02 18:30:00,6125.0,6168.0,6014.0,6028.2,1043465
2022-06-05 18:30:00,6008.2,6050.0,5911.0,6021.0,737657
2022-06-06 18:30:00,5980.0,5989.95,5833.65,5878.6,896982
2022-06-07 18:30:00,5900.0,6054.0,5802.25,5954.3,1334146
2022-06-08 18:30:00,5905.0,5931.6,5855.0,5898.55,1237674
2022-06-09 18:30:00,5825.0,5835.0,5652.4,5667.5,2151891
2022-06-12 18:30:00,5525.05,5554.0,5325.0,5358.25,1932785
2022-06-13 18:30:00,5347.0,5461.0,5284.2,5375.75,1884541
2022-06-14 18:30:00,5418.0,5499.9,5396.15,5484.95,1659943
2022-06-15 18:30:00,5565.0,5614.95,5254.85,5283.9,2179686
2022-06-16 18:30:00,5220.0,5475.0,5220.0,5419.55,1937939
2022-06-19 18:30:00,5428.0,5510.0,5352.0,5470.45,1119456
2022-06-20 18:30:00,5525.0,5564.0,5455.0,5549.15,1002359
2022-06-21 18:30:00,5531.5,5531.5,5405.0,5439.6,898346
2022-06-22 18:30:00,5445.6,5495.0,5343.0,5448.15,1101857
2022-06-23 18:30:00,5510.0,5616.65,5455.0,5587.75,1304933
2022-06-26 18:30:00,5700.0,5725.0,5587.75,5641.2,1049008
2022-06-27 18:30:00,5607.0,5619.0,5525.0,5576.25,739500
2022-06-28 18:30:00,5485.0,5554.0,5460.0,5512.8,755982
2022-06-29 18:30:00,5512.8,5535.2,5377.0,5400.5,1198275
2022-06-30 18:30:00,5364.0,5633.95,5335.05,5614.4,1221890
2022-07-03 18:30:00,5612.9,5648.95,5541.0,5630.3,789818
2022-07-04 18:30:00,5660.0,5755.0,5626.45,5661.1,1228453
2022-07-05 18:30:00,5680.0,5938.85,5645.9,5916.7,2222952
2022-07-06 18:30:00,5935.0,5986.9,5816.0,5860.7,1335247
2022-07-07 18:30:00,5928.0,5928.0,5801.0,5873.2,803282
2022-07-10 18:30:00,5850.0,5903.95,5813.8,5861.5,761337
2022-07-11 18:30:00,5849.8,5959.55,5784.0,5873.55,975446
2022-07-12 18:30:00,5929.95,5979.0,5866.6,5878.9,886934
2022-07-13 18:30:00,5925.0,5926.95,5794.7,5830.85,692920
2022-07-14 18:30:00,5855.0,5928.25,5812.85,5915.2,569859
2022-07-17 18:30:00,5969.9,6068.1,5931.35,6059.8,966432
2022-07-18 18:30:00,6040.0,6098.15,6002.05,6065.95,978560
2022-07-19 18:30:00,6149.0,6149.6,6042.05,6074.4,827092
2022-07-20 18:30:00,6079.0,6283.15,6036.0,6266.9,1325493
2022-07-21 18:30:00,6271.0,6325.0,6217.7,6258.25,953295
2022-07-24 18:30:00,6240.0,6334.0,6185.0,6227.0,724023
2022-07-24 18:30:00,6258.25,6258.25,6258.25,6258.25,362503
2022-07-25 18:30:00,6300.0,6383.7,6212.5,6264.45,1530406
2022-07-26 18:30:00,6279.0,6429.4,6195.0,6396.35,1444989
2022-07-27 18:30:00,6522.0,7109.95,6522.0,7076.6,6485782
2022-07-28 18:30:00,7175.0,7260.0,7125.0,7209.1,2606762
2022-07-31 18:30:00,7251.05,7310.0,7192.0,7261.0,1227077
2022-08-01 18:30:00,7201.45,7356.0,7182.2,7341.9,1249124
2022-08-02 18:30:00,7326.0,7376.4,7218.0,7296.35,1218621
2022-08-03 18:30:00,7338.95,7385.0,7205.0,7316.65,949481
2022-08-04 18:30:00,7339.95,7367.95,7276.05,7304.7,758078
2022-08-07 18:30:00,7300.0,7398.0,7264.0,7342.2,957482
2022-08-07 18:30:00,7304.7,7304.7,7304.7,7304.7,362504
2022-08-09 18:30:00,7369.0,7369.0,7105.0,7149.4,1906523
2022-08-10 18:30:00,7244.0,7325.0,7217.35,7318.95,1027051
2022-08-11 18:30:00,7302.0,7343.0,7272.05,7309.4,1036941
2022-08-15 18:30:00,7339.0,7384.0,7272.1,7286.1,804464
2022-08-16 18:30:00,7300.0,7638.0,7296.0,7527.1,2344414
2022-08-17 18:30:00,7490.0,7588.8,7452.4,7488.25,835354
2022-08-18 18:30:00,7510.0,7538.7,7271.0,7301.7,1100427
2022-08-21 18:30:00,7261.0,7279.8,7088.85,7102.2,1060862
2022-08-22 18:30:00,7085.0,7250.0,7050.0,7207.7,1088603
2022-08-23 18:30:00,7165.0,7236.4,7140.0,7176.9,953096
2022-08-24 18:30:00,7212.8,7239.0,7025.1,7047.15,1354296
2022-08-25 18:30:00,7120.0,7141.5,7025.7,7062.1,759139
2022-08-28 18:30:00,6881.0,7015.5,6861.35,6964.35,996735
2022-08-29 18:30:00,7000.0,7335.0,7000.0,7306.25,1731381
2022-08-31 18:30:00,7228.6,7333.85,7142.0,7181.3,1462579
2022-09-01 18:30:00,7217.1,7313.0,7173.45,7190.35,906370
2022-09-04 18:30:00,7190.7,7254.0,7158.0,7196.2,707025
2022-09-05 18:30:00,7228.75,7255.0,7105.0,7119.35,791905
2022-09-06 18:30:00,7078.0,7207.95,7070.0,7166.5,791994
2022-09-07 18:30:00,7220.0,7279.45,7175.0,7257.65,772251
2022-09-08 18:30:00,7300.0,7324.0,7165.0,7180.9,649607
2022-09-11 18:30:00,7216.85,7319.9,7187.85,7286.9,834716
2022-09-12 18:30:00,7330.0,7444.0,7312.4,7403.45,1382700
2022-09-13 18:30:00,7272.15,7560.0,7272.15,7483.45,1493388
2022-09-14 18:30:00,7489.95,7532.85,7369.7,7386.3,717420
2022-09-15 18:30:00,7385.0,7480.15,7194.35,7274.1,1187036
2022-09-18 18:30:00,7275.0,7524.45,7190.95,7496.1,1648117
2022-09-19 18:30:00,7569.95,7715.0,7565.0,7635.4,1613450
2022-09-20 18:30:00,7640.0,7735.0,7586.05,7690.65,1239262
2022-09-21 18:30:00,7670.0,7778.0,7600.0,7719.55,1281039
2022-09-22 18:30:00,7714.8,7731.5,7475.0,7507.15,1412331
2022-09-25 18:30:00,7437.0,7460.0,7129.0,7259.5,1875205
2022-09-26 18:30:00,7325.0,7379.95,7210.05,7242.85,1142829
2022-09-27 18:30:00,7179.0,7297.5,7160.1,7202.5,869069
2022-09-28 18:30:00,7312.5,7316.9,7088.05,7104.75,969632
2022-09-29 18:30:00,7081.0,7362.0,7026.8,7335.75,1618665
2022-10-02 18:30:00,7337.0,7398.0,7144.6,7171.8,820198
2022-10-02 18:30:00,7335.75,7335.75,7335.75,7335.75,310232
2022-10-03 18:30:00,7335.0,7505.0,7306.35,7488.7,1191495
2022-10-05 18:30:00,7550.0,7599.0,7346.9,7404.15,1510060
2022-10-06 18:30:00,7385.45,7407.75,7272.25,7345.15,991196
2022-10-09 18:30:00,7265.0,7338.0,7221.0,7293.4,653113
2022-10-10 18:30:00,7307.0,7352.5,7172.6,7202.8,732206
2022-10-11 18:30:00,7205.0,7258.5,7145.0,7226.2,740731
2022-10-12 18:30:00,7220.5,7226.0,7114.7,7151.65,608655
2022-10-13 18:30:00,7300.0,7345.0,7221.0,7272.5,839012
2022-10-16 18:30:00,7254.95,7372.3,7217.0,7355.2,617401
2022-10-17 18:30:00,7400.0,7430.0,7321.0,7390.4,906975
2022-10-18 18:30:00,7417.0,7440.0,7350.0,7380.4,627177
2022-10-19 18:30:00,7369.95,7449.0,7261.0,7432.4,1026054
2022-10-20 18:30:00,7490.0,7490.0,7153.05,7192.75,2386960
2022-10-23 18:30:00,7310.0,7310.0,7190.0,7206.5,227884
2022-10-24 18:30:00,7206.5,7206.5,7206.5,7206.5,201766
2022-10-24 18:30:00,7242.55,7242.55,7090.0,7102.9,909899
2022-10-26 18:30:00,7186.0,7210.0,6931.0,6971.1,1641458
2022-10-27 18:30:00,7000.0,7090.0,6980.0,7006.85,839669
2022-10-30 18:30:00,7094.0,7149.6,7046.0,7144.1,818986
2022-10-31 18:30:00,7196.95,7236.0,7160.0,7209.5,762742
2022-11-01 18:30:00,7207.0,7240.0,7140.05,7156.2,585914
2022-11-02 18:30:00,7105.0,7195.0,7092.1,7121.6,632313
2022-11-02 18:30:00,7156.2,7156.2,7156.2,7156.2,375031
2022-11-03 18:30:00,7121.6,7224.9,7121.6,7212.0,921925
2022-11-06 18:30:00,7248.1,7250.65,7111.0,7190.05,722494
2022-11-08 18:30:00,7235.0,7235.0,7114.65,7144.0,689634
2022-11-09 18:30:00,7158.0,7165.0,6964.55,6975.1,1008182
2022-11-10 18:30:00,7149.0,7157.85,6995.0,7051.45,1233342
2022-11-13 18:30:00,7054.9,7107.0,7001.05,7025.8,855060
2022-11-13 18:30:00,7051.45,7051.45,7051.45,7051.45,375030
2022-11-14 18:30:00,7035.15,7062.4,6981.0,7025.75,719521
2022-11-15 18:30:00,7011.0,7034.85,6852.6,6895.05,1336204
2022-11-16 18:30:00,6870.0,6950.0,6832.0,6895.05,733944
2022-11-17 18:30:00,6909.9,6928.0,6750.0,6791.5,1327689
2022-11-20 18:30:00,6747.0,6747.0,6610.35,6679.1,1071748
2022-11-21 18:30:00,6680.25,6727.75,6660.3,6685.05,958769
2022-11-22 18:30:00,6718.5,6805.0,6690.0,6780.05,893667
2022-11-23 18:30:00,6813.95,6839.85,6737.3,6771.35,754611
2022-11-24 18:30:00,6770.0,6778.0,6675.0,6747.5,859058
2022-11-27 18:30:00,6729.0,6832.8,6728.55,6777.45,604054
2022-11-28 18:30:00,6775.0,6808.9,6721.0,6734.15,681860
2022-11-29 18:30:00,6735.0,6754.2,6678.0,6720.95,1482831
2022-11-30 18:30:00,6754.6,6770.0,6707.0,6747.75,981616
2022-12-01 18:30:00,6730.2,6741.95,6647.0,6675.75,1438602
2022-12-04 18:30:00,6674.55,6699.0,6632.0,6660.45,1029250
2022-12-05 18:30:00,6674.4,6735.0,6632.0,6698.55,840980
2022-12-06 18:30:00,6724.95,6724.95,6601.0,6625.2,961027
2022-12-07 18:30:00,6680.0,6680.0,6560.0,6581.95,1137784
2022-12-08 18:30:00,6602.5,6618.0,6490.0,6517.45,1131292
2022-12-11 18:30:00,6508.1,6539.0,6392.0,6506.5,1100048
2022-12-12 18:30:00,6507.0,6648.0,6507.0,6620.1,958636
2022-12-13 18:30:00,6658.0,6688.55,6626.6,6655.2,678283
2022-12-14 18:30:00,6632.0,6714.0,6604.0,6625.4,857706
2022-12-15 18:30:00,6590.0,6695.3,6560.0,6596.9,880233
2022-12-18 18:30:00,6600.1,6705.0,6597.0,6687.0,659559
2022-12-19 18:30:00,6660.0,6698.85,6585.0,6642.85,607716
2022-12-20 18:30:00,6693.9,6693.9,6505.0,6526.7,622390
2022-12-21 18:30:00,6570.0,6575.0,6407.0,6490.65,849706
2022-12-22 18:30:00,6450.0,6466.0,6340.05,6374.6,994303
2022-12-25 18:30:00,6374.65,6469.9,6300.0,6433.7,530535
2022-12-26 18:30:00,6466.0,6530.0,6430.0,6504.7,781035
2022-12-27 18:30:00,6475.0,6570.0,6464.05,6476.1,755934
2022-12-28 18:30:00,6440.0,6520.5,6402.4,6510.9,521880
2022-12-29 18:30:00,6550.0,6719.9,6515.0,6575.2,1520266
2023-01-01 18:30:00,6565.0,6610.0,6484.75,6553.75,579340
2023-01-02 18:30:00,6565.0,6660.0,6530.0,6606.25,742081
2023-01-03 18:30:00,6595.0,6638.0,6550.0,6571.0,671253
2023-01-04 18:30:00,6490.0,6490.0,6025.05,6100.05,5102300
2023-01-05 18:30:00,6130.0,6139.95,5941.6,5980.4,2931922
2023-01-08 18:30:00,6020.0,6078.0,5955.0,5993.35,1400548
2023-01-09 18:30:00,5999.0,6015.0,5875.0,5904.15,1120375
2023-01-10 18:30:00,5930.0,5949.0,5865.55,5895.75,1108891
2023-01-11 18:30:00,5906.55,5964.9,5857.0,5898.4,1476949
2023-01-12 18:30:00,5920.0,5985.0,5872.0,5977.8,1108490
2023-01-15 18:30:00,6000.0,6072.2,5974.55,6010.9,908339
2023-01-16 18:30:00,6019.95,6019.95,5940.0,5984.95,817005
2023-01-17 18:30:00,6003.95,6049.0,5985.0,5998.65,796281
2023-01-18 18:30:00,5983.0,6029.65,5960.65,6012.45,548142
2023-01-19 18:30:00,6012.5,6019.75,5837.2,5860.4,833090
2023-01-22 18:30:00,5881.0,5935.0,5841.0,5863.0,856064
2023-01-23 18:30:00,5892.35,5921.0,5842.65,5855.05,608145
2023-01-24 18:30:00,5850.05,5855.05,5777.0,5795.9,827837
2023-01-26 18:30:00,5815.0,5861.55,5680.0,5760.7,1621352
2023-01-29 18:30:00,5770.05,6066.2,5770.05,6021.8,2448160
2023-01-30 18:30:00,6050.0,6050.0,5874.0,5886.4,1996788
2023-01-31 18:30:00,5944.0,5980.4,5708.9,5817.2,2634866
2023-02-01 18:30:00,5819.0,5819.0,5645.0,5717.65,2025044
2023-02-02 18:30:00,5770.0,6030.0,5747.05,6014.25,1486892
2023-02-05 18:30:00,6000.0,6124.0,5955.6,6104.2,1073820
2023-02-06 18:30:00,6122.95,6182.0,6100.0,6160.55,1472193
2023-02-07 18:30:00,6165.0,6377.0,6162.8,6351.65,1903208
2023-02-08 18:30:00,6374.9,6487.8,6335.25,6455.0,1838154
2023-02-09 18:30:00,6453.95,6527.6,6420.0,6435.5,1291282
2023-02-12 18:30:00,6434.95,6473.15,6297.05,6345.5,736557
2023-02-13 18:30:00,6353.8,6472.35,6310.0,6458.7,1034090
2023-02-14 18:30:00,6450.0,6496.0,6397.3,6489.95,618979
2023-02-15 18:30:00,6505.0,6524.75,6420.0,6437.3,529048
2023-02-16 18:30:00,6410.0,6475.8,6367.5,6416.7,616044
2023-02-19 18:30:00,6425.0,6443.55,6343.0,6367.4,465732
2023-02-20 18:30:00,6395.0,6408.25,6352.0,6379.25,448509
2023-02-21 18:30:00,6331.0,6360.0,6185.0,6198.65,934700
2023-02-22 18:30:00,6214.0,6262.45,6122.65,6202.35,809768
2023-02-23 18:30:00,6253.75,6286.0,6200.0,6236.25,607761
2023-02-26 18:30:00,6215.0,6241.0,6135.0,6194.5,595004
2023-02-27 18:30:00,6220.0,6246.6,6090.0,6112.1,977852
2023-02-28 18:30:00,6100.1,6203.95,6100.1,6154.85,544804
2023-03-01 18:30:00,6165.2,6209.6,6070.05,6083.0,582298
2023-03-02 18:30:00,6121.8,6141.0,6073.0,6100.05,712037
2023-03-05 18:30:00,6140.0,6183.0,6120.05,6134.85,608477
2023-03-07 18:30:00,6129.0,6129.0,5985.0,5996.85,1342795
2023-03-08 18:30:00,6000.0,6040.0,5890.1,5901.3,940858
2023-03-09 18:30:00,5865.0,5887.4,5781.0,5874.15,770861
2023-03-12 18:30:00,5869.0,5947.5,5811.0,5833.55,793356
2023-03-13 18:30:00,5840.0,5850.0,5716.15,5731.55,1372565
2023-03-14 18:30:00,5800.0,5820.0,5701.0,5718.75,679473
2023-03-15 18:30:00,5729.7,5755.0,5665.0,5715.1,884963
2023-03-16 18:30:00,5740.05,5816.75,5688.1,5732.35,1047151
2023-03-19 18:30:00,5739.0,5740.45,5485.7,5550.8,1712756
2023-03-20 18:30:00,5601.8,5715.0,5586.15,5710.1,1130114
2023-03-21 18:30:00,5749.8,5857.0,5735.0,5834.2,1242534
2023-03-22 18:30:00,5809.5,5900.0,5772.5,5833.05,1054419
2023-03-23 18:30:00,5803.9,5829.75,5627.2,5649.25,1278042
2023-03-26 18:30:00,5698.0,5725.0,5584.55,5593.05,1118743
2023-03-27 18:30:00,5621.05,5624.4,5522.7,5534.45,948136
2023-03-28 18:30:00,5562.15,5646.0,5555.0,5625.2,1109612
2023-03-30 18:30:00,5694.0,5694.0,5586.2,5616.75,1267828
2023-04-02 18:30:00,5655.0,5734.0,5632.2,5715.05,745386
2023-04-04 18:30:00,5832.0,5947.05,5743.15,5761.3,2433329
2023-04-05 18:30:00,5761.0,5959.0,5705.55,5932.2,1740502
2023-04-09 18:30:00,5944.95,5969.9,5811.0,5828.8,928257
2023-04-10 18:30:00,5858.0,5880.0,5811.15,5837.75,811620
2023-04-11 18:30:00,5837.0,5876.75,5786.0,5856.95,1023069
2023-04-12 18:30:00,5856.95,5937.0,5850.4,5904.45,833006
2023-04-16 18:30:00,5998.0,5998.0,5900.0,5961.45,672857
2023-04-17 18:30:00,5975.0,5994.0,5870.25,5915.65,640889
2023-04-18 18:30:00,5915.65,5960.0,5880.0,5947.75,554928
2023-04-19 18:30:00,5960.0,5965.95,5886.15,5912.7,436731
2023-04-20 18:30:00,5913.0,5945.0,5828.0,5937.9,643101
2023-04-23 18:30:00,5940.0,5964.7,5877.0,5933.75,544892
2023-04-24 18:30:00,5959.9,6092.7,5928.7,6075.25,1494475
2023-04-25 18:30:00,6100.0,6119.8,6013.3,6055.95,974007
2023-04-26 18:30:00,6075.0,6254.45,6066.0,6200.05,2827136
2023-04-27 18:30:00,6243.9,6296.0,6111.0,6280.1,1489668
2023-05-01 18:30:00,6330.0,6334.65,6224.8,6249.15,991254
2023-05-02 18:30:00,6238.05,6255.0,6155.95,6180.25,668251
2023-05-03 18:30:00,6197.0,6399.0,6182.15,6390.25,1245141
2023-05-04 18:30:00,6379.95,6448.0,6331.65,6389.85,1160040
2023-05-07 18:30:00,6394.45,6695.1,6388.0,6657.95,2224735
2023-05-08 18:30:00,6650.0,6739.85,6542.0,6552.25,2130770
2023-05-09 18:30:00,6590.95,6665.0,6525.0,6631.5,835321
2023-05-10 18:30:00,6659.0,6680.0,6625.0,6663.45,567494
2023-05-11 18:30:00,6650.0,6733.65,6604.7,6714.4,912078
2023-05-14 18:30:00,6714.4,6750.0,6685.8,6712.3,739076
2023-05-15 18:30:00,6720.0,6849.0,6700.0,6784.6,1265133
2023-05-16 18:30:00,6785.0,6810.45,6662.0,6705.05,740785
2023-05-17 18:30:00,6759.8,6830.65,6745.15,6789.4,1106718
2023-05-18 18:30:00,6800.0,6820.0,6712.0,6784.2,592834
2023-05-21 18:30:00,6784.2,6818.0,6761.9,6793.05,419792
2023-05-22 18:30:00,6810.05,6873.95,6757.1,6780.55,790196
2023-05-23 18:30:00,6769.0,6848.55,6729.75,6785.95,553936
2023-05-24 18:30:00,6778.0,6848.0,6746.1,6841.15,530260
2023-05-25 18:30:00,6846.6,6920.0,6841.2,6904.5,694073
2023-05-28 18:30:00,6940.2,6971.9,6901.8,6932.05,640728
2023-05-29 18:30:00,6948.0,7018.75,6930.05,7005.8,881923
2023-05-30 18:30:00,7004.9,7026.0,6927.3,6989.85,2147627
2023-05-31 18:30:00,7024.0,7057.3,6951.1,7040.5,590026
2023-06-01 18:30:00,7075.75,7100.0,7005.0,7023.9,664209
2023-06-04 18:30:00,7070.0,7091.6,7013.05,7043.2,577162
2023-06-05 18:30:00,7025.0,7132.0,7025.0,7113.95,690586
2023-06-06 18:30:00,7120.0,7141.0,7062.0,7079.95,534483
2023-06-07 18:30:00,7080.0,7111.0,6995.15,7010.1,455360
2023-06-08 18:30:00,7012.75,7082.5,7012.05,7037.15,447361
2023-06-11 18:30:00,7050.15,7110.0,7041.6,7097.7,513255
2023-06-12 18:30:00,7100.0,7200.0,7100.0,7166.75,800134
2023-06-13 18:30:00,7182.0,7182.0,7082.05,7096.85,401520
2023-06-14 18:30:00,7095.0,7141.7,7056.0,7126.6,437018
2023-06-15 18:30:00,7170.0,7218.6,7131.0,7203.2,1414858
2023-06-18 18:30:00,7211.95,7398.85,7202.25,7386.2,1184590
2023-06-19 18:30:00,7376.15,7376.15,7201.0,7248.8,863826
2023-06-20 18:30:00,7275.0,7285.9,7177.0,7206.15,546804
2023-06-21 18:30:00,7200.1,7204.15,7020.0,7030.0,827194
2023-06-22 18:30:00,7020.95,7055.0,6956.1,6989.65,815226
2023-06-25 18:30:00,6990.0,7035.0,6945.0,6998.7,563539
2023-06-26 18:30:00,7030.0,7030.0,6954.0,7019.25,709789
2023-06-27 18:30:00,7054.35,7125.0,7040.0,7090.2,709782
2023-06-29 18:30:00,7100.0,7195.0,7091.2,7160.6,887908
2023-07-02 18:30:00,7160.6,7355.0,7160.0,7333.0,1209227
2023-07-03 18:30:00,7650.0,7920.0,7612.65,7860.45,4162208
2023-07-04 18:30:00,7879.95,7999.9,7780.0,7838.75,1978666
2023-07-05 18:30:00,7776.0,7824.0,7735.0,7766.25,1045984
2023-07-06 18:30:00,7720.0,7748.9,7605.6,7622.35,1094915
2023-07-09 18:30:00,7622.35,7629.95,7432.3,7533.25,1451518
2023-07-10 18:30:00,7567.0,7680.0,7381.0,7444.0,1675043
2023-07-11 18:30:00,7469.9,7508.0,7398.15,7431.95,1131755
2023-07-12 18:30:00,7469.95,7522.9,7416.0,7474.6,747052
2023-07-13 18:30:00,7474.0,7518.9,7399.9,7482.35,726600
2023-07-16 18:30:00,7520.0,7542.0,7442.0,7510.95,506744
2023-07-17 18:30:00,7520.0,7555.0,7373.1,7420.0,1309709
2023-07-18 18:30:00,7441.95,7599.0,7430.0,7584.7,975943
2023-07-19 18:30:00,7551.0,7637.15,7502.0,7596.6,649436
2023-07-20 18:30:00,7596.6,7657.7,7533.1,7581.75,673394
2023-07-23 18:30:00,7581.65,7644.8,7560.35,7581.6,584342
2023-07-24 18:30:00,7649.4,7649.4,7541.05,7606.45,850869
2023-07-25 18:30:00,7635.0,7734.0,7331.0,7433.15,2228866
2023-07-26 18:30:00,7577.9,7577.9,7267.7,7284.1,2147172
2023-07-27 18:30:00,7319.0,7394.6,7210.0,7381.6,1007050
2023-07-30 18:30:00,7345.0,7369.9,7281.05,7300.3,749315
2023-07-31 18:30:00,7300.3,7330.0,7244.0,7269.7,752765
2023-08-01 18:30:00,7290.0,7290.0,7145.0,7203.45,898536
2023-08-02 18:30:00,7175.0,7224.3,7018.05,7108.35,1081898
2023-08-03 18:30:00,7139.0,7205.0,7071.3,7148.7,731349
2023-08-06 18:30:00,7162.0,7182.75,7071.6,7122.15,718409
2023-08-07 18:30:00,7135.0,7205.0,7085.15,7173.6,807362
2023-08-08 18:30:00,7200.0,7214.0,7090.0,7125.35,511572
2023-08-09 18:30:00,7100.05,7174.0,7092.0,7143.85,616130
2023-08-10 18:30:00,7143.85,7159.0,7031.05,7060.6,630396
2023-08-13 18:30:00,7040.0,7058.9,6940.55,7018.05,693785
2023-08-15 18:30:00,6994.0,6994.0,6920.0,6981.5,598795
2023-08-16 18:30:00,7020.0,7020.0,6903.0,6923.25,710118
2023-08-17 18:30:00,6893.5,6915.8,6845.0,6862.1,745533
2023-08-20 18:30:00,6801.0,7063.0,6801.0,7048.2,1230831
2023-08-21 18:30:00,7051.05,7153.5,7050.0,7069.95,1248780
2023-08-22 18:30:00,7100.0,7149.0,7003.0,7116.45,803248
2023-08-23 18:30:00,7150.0,7185.95,7121.0,7137.45,910360
2023-08-24 18:30:00,7115.0,7278.1,7101.0,7211.5,1303276
2023-08-27 18:30:00,7224.95,7261.0,7138.1,7235.6,703626
2023-08-28 18:30:00,7250.0,7310.95,7236.0,7293.35,1418305
2023-08-29 18:30:00,7326.0,7330.9,7258.0,7268.1,460268
2023-08-30 18:30:00,7280.0,7285.0,7135.0,7163.0,1412980
2023-08-31 18:30:00,7168.55,7329.4,7155.0,7320.6,676076
2023-09-03 18:30:00,7370.0,7370.0,7258.4,7270.25,581363
2023-09-04 18:30:00,7283.0,7358.45,7280.0,7345.1,1221353
2023-09-05 18:30:00,7315.3,7397.0,7290.7,7387.8,605157
2023-09-06 18:30:00,7380.0,7387.8,7303.7,7363.2,549622
2023-09-07 18:30:00,7390.0,7449.95,7370.0,7410.65,624642
2023-09-10 18:30:00,7425.0,7444.0,7362.0,7391.65,406849
2023-09-11 18:30:00,7421.0,7459.0,7305.5,7431.3,963517
2023-09-12 18:30:00,7429.3,7508.25,7380.65,7475.9,579846
2023-09-13 18:30:00,7475.9,7511.7,7427.05,7494.3,650372
2023-09-14 18:30:00,7499.0,7565.15,7455.55,7492.2,787494
2023-09-17 18:30:00,7488.9,7560.0,7465.0,7548.65,706618
2023-09-19 18:30:00,7488.65,7647.0,7483.0,7539.0,844190
2023-09-20 18:30:00,7530.0,7583.65,7425.0,7484.2,675725
2023-09-21 18:30:00,7493.95,7577.0,7453.6,7471.35,526304
2023-09-24 18:30:00,7575.0,7849.9,7510.0,7819.85,2347533
2023-09-25 18:30:00,7819.9,7899.95,7775.0,7870.65,1246820
2023-09-26 18:30:00,7855.0,7855.0,7742.75,7837.55,744110
2023-09-27 18:30:00,7804.75,7829.0,7718.05,7739.0,777505
2023-09-28 18:30:00,7739.0,7848.0,7725.0,7810.75,573005
2023-10-02 18:30:00,7780.8,7975.5,7755.0,7967.6,944555
2023-10-03 18:30:00,8025.0,8043.0,7820.0,7854.05,1176384
2023-10-04 18:30:00,7914.85,7914.85,7826.9,7850.9,795061
2023-10-05 18:30:00,7850.0,8192.0,7845.0,8168.55,2145034
2023-10-08 18:30:00,8102.05,8135.0,8018.0,8027.7,747800
2023-10-09 18:30:00,8055.0,8135.0,8021.0,8083.6,965024
2023-10-10 18:30:00,8139.8,8173.0,8095.45,8101.95,712372
2023-10-11 18:30:00,8125.0,8127.0,8003.0,8014.3,764092
2023-10-12 18:30:00,7999.55,8082.9,7956.05,8051.65,662282
2023-10-15 18:30:00,8044.3,8069.0,7982.65,8036.0,438246
2023-10-16 18:30:00,8080.0,8159.0,8057.55,8093.0,838283
2023-10-17 18:30:00,8050.0,8084.6,7850.0,7866.55,1544642
2023-10-18 18:30:00,7843.3,7923.0,7731.0,7841.55,1061453
2023-10-19 18:30:00,7810.0,7832.35,7722.5,7769.2,771153
2023-10-22 18:30:00,7800.0,7884.9,7761.35,7798.9,882230
2023-10-24 18:30:00,7798.9,7856.95,7676.0,7694.45,708774
2023-10-25 18:30:00,7625.1,7656.0,7401.2,7421.8,1324630
2023-10-26 18:30:00,7509.95,7549.0,7416.6,7507.2,911944
2023-10-29 18:30:00,7505.8,7526.85,7352.5,7503.05,799276
2023-10-30 18:30:00,7569.8,7579.7,7460.5,7492.65,749410
2023-10-31 18:30:00,7520.0,7549.0,7457.65,7471.9,462778
2023-11-01 18:30:00,7530.0,7615.0,7411.2,7449.1,855030
2023-11-02 18:30:00,7528.0,7537.95,7372.45,7411.5,1138755
2023-11-05 18:30:00,7456.0,7571.95,7442.6,7562.05,634043
2023-11-06 18:30:00,7640.0,7640.0,7446.0,7495.6,1563007
2023-11-07 18:30:00,7527.0,7536.0,7406.65,7459.95,916717
2023-11-08 18:30:00,7485.0,7485.0,7366.7,7386.7,771791
2023-11-09 18:30:00,7370.0,7454.0,7346.45,7444.8,496261
2023-11-11 18:30:00,7470.05,7498.0,7447.05,7456.9,79745
2023-11-12 18:30:00,7447.8,7450.0,7319.0,7360.85,732240
2023-11-14 18:30:00,7439.4,7476.2,7119.15,7224.3,1923440
2023-11-15 18:30:00,6944.55,7380.7,6931.25,7362.45,4557043
2023-11-16 18:30:00,7140.5,7260.0,7108.05,7221.0,2080034
2023-11-19 18:30:00,7151.0,7239.0,7050.1,7068.6,1902940
2023-11-20 18:30:00,7085.0,7128.85,7030.0,7103.15,1666225
2023-11-21 18:30:00,7086.45,7177.85,7065.5,7128.35,1041404
2023-11-22 18:30:00,7135.0,7160.0,7056.0,7073.65,606158
2023-11-23 18:30:00,7108.0,7116.8,7011.0,7020.8,726499
2023-11-27 18:30:00,7035.0,7135.0,7029.9,7127.55,728158
2023-11-28 18:30:00,7134.0,7168.6,7114.05,7130.1,682430
2023-11-29 18:30:00,7132.0,7163.6,7085.65,7121.9,1271934
2023-11-30 18:30:00,7160.0,7279.85,7142.0,7259.35,900477
2023-12-03 18:30:00,7340.0,7420.0,7315.05,7407.65,1101426
2023-12-04 18:30:00,7430.0,7440.0,7320.05,7349.8,1522242
2023-12-05 18:30:00,7390.0,7459.0,7365.05,7427.1,701800
2023-12-06 18:30:00,7390.0,7440.0,7326.0,7391.2,668862
2023-12-07 18:30:00,7390.55,7398.1,7274.0,7307.6,1144388
2023-12-10 18:30:00,7325.0,7352.7,7270.05,7292.75,590055
2023-12-11 18:30:00,7280.0,7354.0,7280.0,7314.55,633312
2023-12-12 18:30:00,7299.85,7304.5,7207.0,7258.0,682955
2023-12-13 18:30:00,7368.5,7511.25,7300.1,7474.2,1729567
2023-12-14 18:30:00,7528.85,7528.9,7445.0,7515.05,1173938
2023-12-17 18:30:00,7548.0,7610.0,7526.0,7587.6,1082798
2023-12-18 18:30:00,7641.0,7641.6,7535.0,7632.65,791408
2023-12-19 18:30:00,7650.0,7695.0,7460.15,7493.95,874546
2023-12-20 18:30:00,7426.6,7477.0,7305.5,7367.15,913082
2023-12-21 18:30:00,7418.95,7440.0,7243.0,7295.3,1129485
2023-12-25 18:30:00,7325.0,7344.0,7145.25,7162.3,1225844
2023-12-26 18:30:00,7219.9,7323.4,7190.9,7232.8,1605279
2023-12-27 18:30:00,7275.0,7290.0,7200.0,7258.65,1856064
2023-12-28 18:30:00,7231.65,7343.0,7205.15,7327.75,912802
2023-12-31 18:30:00,7336.95,7336.95,7273.0,7299.05,331489
2024-01-01 18:30:00,7324.0,7445.1,7280.05,7430.05,1112990
2024-01-02 18:30:00,7444.95,7485.85,7368.2,7384.8,553405
2024-01-03 18:30:00,7560.0,7733.95,7560.0,7705.55,2911879
2024-01-04 18:30:00,7734.95,7789.0,7673.1,7711.15,1052601
2024-01-07 18:30:00,7677.0,7830.0,7631.3,7736.0,1121209
2024-01-08 18:30:00,7774.0,7810.0,7698.0,7725.45,1247083
2024-01-09 18:30:00,7716.0,7735.25,7660.0,7680.55,559072
2024-01-10 18:30:00,7680.0,7793.3,7651.05,7669.75,651741
2024-01-11 18:30:00,7684.0,7718.95,7617.0,7661.05,808638
2024-01-14 18:30:00,7697.95,7697.95,7454.0,7478.0,997220
2024-01-15 18:30:00,7475.0,7614.5,7427.9,7456.65,1194723
2024-01-16 18:30:00,7303.3,7478.2,7302.2,7358.85,1380271
2024-01-17 18:30:00,7296.0,7351.75,7234.0,7265.55,1686996
2024-01-18 18:30:00,7360.0,7388.8,7261.25,7319.1,830810
2024-01-19 18:30:00,7327.75,7386.3,7291.0,7301.3,219358
2024-01-22 18:30:00,7352.9,7355.0,7042.6,7070.7,2533297
2024-01-23 18:30:00,7104.0,7104.0,6996.8,7055.3,2063675
2024-01-24 18:30:00,7055.3,7125.8,7036.0,7085.5,1168349
2024-01-28 18:30:00,7085.5,7224.95,7085.1,7191.65,1860361
2024-01-29 18:30:00,6988.5,6988.5,6805.0,6817.2,4153147
2024-01-30 18:30:00,6820.0,6921.0,6812.0,6862.9,1810512
2024-01-31 18:30:00,6865.9,6879.95,6733.0,6743.3,1911137
2024-02-01 18:30:00,6755.0,6910.0,6753.0,6848.3,1367508
2024-02-04 18:30:00,6894.0,6895.0,6600.0,6608.2,1771222
2024-02-05 18:30:00,6648.0,6699.0,6535.0,6598.15,2439533
2024-02-06 18:30:00,6641.0,6737.6,6625.25,6709.2,1538237
2024-02-07 18:30:00,6731.85,6737.5,6536.7,6575.65,2193209
2024-02-08 18:30:00,6580.0,6677.7,6572.0,6654.5,1209874
2024-02-11 18:30:00,6669.45,6671.85,6551.5,6569.15,544784
2024-02-12 18:30:00,6600.0,6639.0,6553.1,6603.65,948014
2024-02-13 18:30:00,6563.85,6656.0,6550.0,6646.5,636126
2024-02-14 18:30:00,6646.0,6677.4,6585.65,6619.4,880859
2024-02-15 18:30:00,6650.05,6660.0,6602.0,6619.2,1029431
2024-02-18 18:30:00,6648.9,6806.9,6625.3,6712.8,1315881
2024-02-19 18:30:00,6711.9,6792.0,6681.25,6763.6,1106709
2024-02-20 18:30:00,6790.0,6790.0,6665.05,6688.8,854944
2024-02-21 18:30:00,6691.05,6706.85,6561.0,6674.95,1022374
2024-02-22 18:30:00,6674.0,6719.0,6632.6,6697.85,1280311
2024-02-25 18:30:00,6690.0,6708.0,6624.2,6643.25,892056
2024-02-26 18:30:00,6631.0,6642.0,6491.1,6556.25,1150306
2024-02-27 18:30:00,6572.0,6596.75,6475.0,6498.7,535321
2024-02-28 18:30:00,6499.0,6539.0,6366.2,6495.35,1699098
2024-02-29 18:30:00,6511.75,6608.7,6502.1,6571.45,919080
2024-03-01 18:30:00,6565.0,6605.0,6565.0,6584.35,49760
2024-03-03 18:30:00,6588.0,6639.95,6557.45,6602.45,397118
2024-03-04 18:30:00,6602.45,6636.25,6272.0,6324.25,1717558
2024-03-05 18:30:00,6332.5,6345.9,6187.8,6311.25,2104792
2024-03-06 18:30:00,6350.0,6468.6,6325.4,6421.05,1469421
2024-03-10 18:30:00,6550.0,6552.0,6404.0,6433.75,1203971
2024-03-11 18:30:00,6405.0,6485.0,6341.35,6436.05,1094677
2024-03-12 18:30:00,6439.25,6514.95,6391.55,6456.15,1132183
2024-03-13 18:30:00,6456.15,6470.0,6297.8,6397.45,1219865
2024-03-14 18:30:00,6375.05,6578.0,6360.0,6514.35,1970500
2024-03-17 18:30:00,6514.35,6555.0,6456.1,6504.65,676425
2024-03-18 18:30:00,6509.7,6667.2,6505.0,6596.25,1408087
2024-03-19 18:30:00,6610.0,6731.0,6606.0,6649.5,1490831
2024-03-20 18:30:00,6707.5,6771.65,6657.15,6715.75,1806092
2024-03-21 18:30:00,6705.0,6803.0,6686.3,6760.9,1125238
2024-03-25 18:30:00,6754.5,6945.0,6745.0,6910.1,1850321
2024-03-26 18:30:00,6945.75,7049.0,6905.0,7022.75,1551275
2024-03-27 18:30:00,7032.1,7349.3,7032.1,7245.25,3574518
2024-03-31 18:30:00,7261.25,7343.45,7220.05,7250.95,1125238
2024-04-01 18:30:00,7250.95,7255.0,7135.0,7207.4,967615
2024-04-02 18:30:00,7197.0,7323.35,7186.15,7309.25,958943
2024-04-03 18:30:00,7345.0,7350.0,7255.0,7283.4,1040589
2024-04-04 18:30:00,7234.75,7259.0,7156.0,7175.65,1200494
2024-04-07 18:30:00,7215.0,7226.95,7142.8,7178.55,518210
2024-04-08 18:30:00,7220.0,7235.35,7124.5,7193.6,710281
2024-04-09 18:30:00,7235.9,7254.0,7160.0,7230.25,567986
2024-04-11 18:30:00,7224.0,7264.0,7156.3,7229.55,1092588
2024-04-14 18:30:00,7145.05,7198.8,7063.45,7076.25,758448
2024-04-15 18:30:00,7009.95,7034.3,6931.0,6954.25,963293
2024-04-17 18:30:00,6928.1,6995.0,6866.0,6893.2,1385133
2024-04-18 18:30:00,6840.05,7150.0,6810.05,7119.5,1218375
2024-04-21 18:30:00,7167.3,7306.0,7167.3,7292.2,1165272
2024-04-22 18:30:00,7309.0,7339.9,7236.8,7259.9,1081567
2024-04-23 18:30:00,7283.0,7419.45,7250.0,7329.15,886929
2024-04-24 18:30:00,7330.0,7364.85,7125.1,7294.9,1173354
2024-04-25 18:30:00,7000.0,7000.0,6691.5,6731.2,5814723
2024-04-28 18:30:00,6789.95,6839.6,6713.05,6826.6,1681030
2024-04-29 18:30:00,6829.95,6975.0,6821.95,6923.55,1798675
2024-05-01 18:30:00,6937.85,6969.95,6865.0,6882.7,1139572
2024-05-02 18:30:00,7329.0,7400.0,6906.95,6931.5,6818601
2024-05-05 18:30:00,7007.95,7019.95,6845.0,6859.85,1229988
2024-05-06 18:30:00,6889.95,6943.1,6788.0,6872.55,1298126
2024-05-07 18:30:00,6871.5,6879.55,6785.0,6799.45,725925
2024-05-08 18:30:00,6799.9,6832.7,6585.0,6605.15,1381115
2024-05-09 18:30:00,6638.9,6698.0,6601.2,6684.15,824908
2024-05-12 18:30:00,6684.0,6744.3,6620.0,6718.75,512256
2024-05-13 18:30:00,6710.0,6741.85,6657.6,6675.7,755840
2024-05-14 18:30:00,6692.0,6731.95,6645.05,6680.0,595059
2024-05-15 18:30:00,6700.35,6762.1,6623.05,6747.15,1059851
2024-05-16 18:30:00,6747.0,6780.0,6701.05,6727.4,480158
2024-05-17 18:30:00,6725.0,6758.0,6725.0,6738.0,49892
2024-05-20 18:30:00,6705.0,6785.0,6705.0,6742.85,761624
2024-05-21 18:30:00,6777.45,6777.45,6727.25,6744.55,416046
2024-05-22 18:30:00,6759.55,6853.5,6730.05,6826.65,709317
2024-05-23 18:30:00,6820.0,6910.0,6793.0,6836.9,742043
2024-05-26 18:30:00,6859.0,6959.55,6810.0,6895.5,655471
2024-05-27 18:30:00,6913.95,6945.0,6856.9,6873.05,752867
2024-05-28 18:30:00,6878.0,6908.0,6785.35,6806.7,721331
2024-05-29 18:30:00,6779.9,6798.95,6594.05,6616.45,1155575
2024-05-30 18:30:00,6664.95,6771.95,6642.4,6697.7,2841733
2024-06-02 18:30:00,6948.85,6988.7,6832.95,6915.55,1148212
2024-06-03 18:30:00,6915.95,6915.95,6375.7,6509.55,3299387
2024-06-04 18:30:00,6604.0,6862.0,6535.55,6836.65,1218517
2024-06-05 18:30:00,6850.0,7012.95,6822.3,6925.8,1465716
2024-06-06 18:30:00,6995.0,7299.0,6941.0,7191.4,2984052
2024-06-09 18:30:00,7250.0,7250.0,7075.25,7088.85,872318
2024-06-10 18:30:00,7083.0,7169.0,7051.0,7138.1,1205213
2024-06-11 18:30:00,7148.0,7277.0,7115.0,7217.75,1268508
2024-06-12 18:30:00,7252.2,7325.0,7232.15,7294.95,1345495
2024-06-13 18:30:00,7296.05,7370.0,7247.0,7341.55,1187488
2024-06-17 18:30:00,7365.0,7429.45,7300.0,7334.7,946904
2024-06-18 18:30:00,7334.7,7348.95,7177.9,7233.95,520400
2024-06-19 18:30:00,7220.0,7264.9,7111.0,7207.1,900158
2024-06-20 18:30:00,7239.3,7265.0,7075.0,7134.25,1499818
2024-06-23 18:30:00,7076.0,7106.95,7020.55,7081.85,635654
2024-06-24 18:30:00,7101.0,7140.0,6998.0,7074.45,1560811
2024-06-25 18:30:00,7070.0,7179.25,7035.0,7158.2,912552
2024-06-26 18:30:00,7150.0,7239.0,7083.05,7166.75,1137606
2024-06-27 18:30:00,7165.0,7226.0,7105.3,7115.55,829584
2024-06-30 18:30:00,7075.0,7304.0,7075.0,7276.75,772745
2024-07-01 18:30:00,7275.0,7275.95,7122.0,7165.6,1281027
2024-07-02 18:30:00,7189.95,7284.65,7170.0,7258.8,836393
2024-07-03 18:30:00,7301.05,7325.0,7100.0,7107.05,1897977
2024-07-04 18:30:00,7134.0,7149.9,7077.0,7138.0,931079
2024-07-07 18:30:00,7144.95,7147.65,7047.0,7098.25,677705
2024-07-08 18:30:00,7109.85,7142.4,7042.0,7068.05,973503
2024-07-09 18:30:00,7068.0,7129.35,7021.0,7054.95,809714
2024-07-10 18:30:00,7087.9,7087.9,6930.0,6950.3,971801
2024-07-11 18:30:00,6996.95,7045.0,6915.05,7004.3,1068833
2024-07-14 18:30:00,7020.05,7085.0,6995.25,7063.75,533373
2024-07-15 18:30:00,7080.0,7090.0,7005.2,7059.1,558200
2024-07-17 18:30:00,7047.1,7117.9,6971.15,7110.0,864605
2024-07-18 18:30:00,7110.0,7110.0,6910.0,6932.3,938598
2024-07-21 18:30:00,6932.0,6958.6,6849.4,6884.25,575193
2024-07-22 18:30:00,6934.0,6944.85,6620.0,6727.1,1932212
2024-07-23 18:30:00,6630.0,6654.7,6541.05,6607.15,3100626
2024-07-24 18:30:00,6560.0,6666.0,6551.45,6647.75,950965
2024-07-25 18:30:00,6675.05,6808.4,6667.1,6789.75,1110184
2024-07-28 18:30:00,6823.85,6855.0,6765.75,6812.45,748565
2024-07-29 18:30:00,6812.45,6899.0,6783.0,6823.6,1179413
2024-07-30 18:30:00,6826.95,6855.0,6793.0,6806.95,889659
2024-07-31 18:30:00,6831.5,6844.0,6750.0,6771.65,839523
2024-08-01 18:30:00,6725.0,6750.0,6673.1,6725.0,622218
2024-08-04 18:30:00,6650.0,6650.0,6532.6,6596.7,944041
2024-08-05 18:30:00,6626.0,6697.0,6511.5,6538.35,891828
2024-08-06 18:30:00,6600.0,6659.35,6581.1,6637.15,464284
2024-08-07 18:30:00,6625.05,6678.05,6571.35,6582.2,690389
2024-08-08 18:30:00,6700.0,6700.0,6591.0,6618.2,699490
2024-08-11 18:30:00,6619.1,6645.0,6564.05,6608.15,674887
2024-08-12 18:30:00,6644.95,6644.95,6452.2,6465.05,1072327
2024-08-13 18:30:00,6482.5,6489.95,6430.95,6458.5,774276
2024-08-15 18:30:00,6505.0,6600.0,6425.0,6590.9,753419
2024-08-18 18:30:00,6638.0,6656.0,6593.6,6616.35,528730
2024-08-19 18:30:00,6647.35,6773.9,6616.35,6722.2,957159
2024-08-20 18:30:00,6721.95,6747.3,6695.0,6735.35,633111
2024-08-21 18:30:00,6750.0,6765.0,6723.9,6743.6,728260
2024-08-22 18:30:00,6755.0,6762.0,6704.95,6735.85,618045
2024-08-25 18:30:00,6776.0,6819.0,6756.05,6778.35,898343
2024-08-26 18:30:00,6778.35,6873.35,6730.0,6863.6,2035902
2024-08-27 18:30:00,6876.0,6917.0,6852.0,6900.0,848986
2024-08-28 18:30:00,6889.05,7158.0,6881.55,7063.55,2639159
2024-08-29 18:30:00,7071.05,7215.05,7071.05,7200.15,2044367
2024-09-01 18:30:00,7274.0,7450.0,7229.0,7440.05,2296378
2024-09-02 18:30:00,7460.0,7460.0,7206.1,7353.8,1898656
2024-09-03 18:30:00,7254.95,7377.0,7245.25,7299.5,886746
2024-09-04 18:30:00,7320.0,7326.65,7193.0,7244.9,673447
2024-09-05 18:30:00,7255.55,7395.0,7255.55,7317.15,1842827
2024-09-08 18:30:00,7324.0,7377.95,7262.8,7347.45,878938
2024-09-09 18:30:00,7369.95,7369.95,7193.0,7241.85,1308932
2024-09-10 18:30:00,7250.0,7432.0,7206.3,7345.55,1104890
2024-09-11 18:30:00,7420.0,7440.0,7296.6,7428.3,1446764
2024-09-12 18:30:00,7428.3,7660.0,7352.0,7598.5,2208438
2024-09-15 18:30:00,7680.0,7680.0,7322.0,7345.75,2679555
2024-09-16 18:30:00,7337.5,7455.0,7286.15,7365.5,1567786
2024-09-17 18:30:00,7387.25,7672.5,7378.5,7631.1,2974993
2024-09-18 18:30:00,7675.0,7748.0,7560.0,7590.35,1720644
2024-09-19 18:30:00,7635.0,7655.0,7487.25,7582.45,1645004
2024-09-22 18:30:00,7625.75,7635.95,7531.7,7595.1,573497
2024-09-23 18:30:00,7597.0,7603.45,7483.9,7554.2,1069540
2024-09-24 18:30:00,7545.0,7640.0,7498.05,7623.9,1272038
2024-09-25 18:30:00,7640.0,7779.4,7587.55,7768.4,1668165
2024-09-26 18:30:00,7780.0,7810.0,7711.0,7756.0,1178131
2024-09-29 18:30:00,7746.0,7824.0,7676.15,7703.0,961952
2024-09-30 18:30:00,7660.1,7814.65,7651.0,7703.0,788288
2024-10-02 18:30:00,7610.0,7700.0,7381.0,7433.85,1040662
2024-10-03 18:30:00,7420.0,7430.0,7155.0,7211.35,1768111
2024-10-06 18:30:00,7211.35,7324.0,7190.3,7269.4,936227
2024-10-07 18:30:00,7264.85,7295.4,7160.05,7186.95,903805
2024-10-08 18:30:00,7216.0,7426.8,7206.1,7300.45,1054375
2024-10-09 18:30:00,7320.0,7368.0,7273.0,7319.7,559427
2024-10-10 18:30:00,7325.0,7330.0,7226.05,7302.0,361587
2024-10-13 18:30:00,7292.7,7313.85,7200.0,7208.8,445181
2024-10-14 18:30:00,7244.9,7256.15,6979.0,7016.9,1485567
2024-10-15 18:30:00,7010.0,7059.35,6920.0,6956.35,1125698
2024-10-16 18:30:00,6980.95,6998.8,6871.0,6899.5,689755
2024-10-17 18:30:00,6893.0,6938.65,6820.7,6899.55,744929
2024-10-20 18:30:00,6909.05,6950.75,6717.25,6780.9,2209966
2024-10-21 18:30:00,6800.0,6833.0,6643.65,6677.9,1700619
2024-10-22 18:30:00,6605.75,7098.85,6601.0,6995.8,2637391
2024-10-23 18:30:00,7012.5,7122.85,6990.6,7040.9,895125
2024-10-24 18:30:00,7040.9,7059.95,6893.3,6910.15,1022324
2024-10-27 18:30:00,6920.0,7045.0,6875.0,6911.35,714981
2024-10-28 18:30:00,6909.1,7060.0,6802.2,7022.5,1409750
2024-10-29 18:30:00,6999.0,7020.45,6932.0,6955.0,566044
2024-10-30 18:30:00,6949.0,6970.8,6879.75,6889.75,730153
2024-10-31 18:30:00,6930.0,6944.55,6902.0,6923.6,45011
2024-11-03 18:30:00,6975.0,6975.0,6752.9,6843.7,716239
2024-11-04 18:30:00,6845.0,7014.95,6712.0,6930.35,1223430
2024-11-05 18:30:00,6935.0,7024.1,6892.3,7006.2,696262
2024-11-06 18:30:00,7006.2,7038.95,6870.0,6904.5,459047
2024-11-07 18:30:00,6904.5,6951.55,6841.0,6895.95,424840
2024-11-10 18:30:00,6860.0,6904.2,6752.15,6778.8,762316
2024-11-11 18:30:00,6819.0,6836.85,6615.0,6638.2,1057233
2024-11-12 18:30:00,6635.0,6702.25,6526.6,6566.0,867347
2024-11-13 18:30:00,6572.3,6639.45,6530.0,6549.15,527703
2024-11-17 18:30:00,6633.0,6657.0,6555.0,6567.95,596535
2024-11-18 18:30:00,6594.35,6644.8,6561.0,6595.3,804046
2024-11-20 18:30:00,6614.0,6614.0,6451.0,6465.65,1101080
2024-11-21 18:30:00,6470.0,6722.4,6456.05,6683.95,969855
2024-11-24 18:30:00,6789.9,6863.0,6667.3,6685.4,1132751
2024-11-25 18:30:00,6722.0,6739.8,6608.45,6617.95,663278
2024-11-26 18:30:00,6650.0,6733.3,6612.25,6705.2,642010
2024-11-27 18:30:00,6714.0,6726.25,6495.0,6509.4,1576882
2024-11-28 18:30:00,6519.0,6609.0,6510.35,6575.9,709643
2024-12-01 18:30:00,6595.0,6665.0,6491.0,6650.65,920249
2024-12-02 18:30:00,6696.15,6722.4,6630.8,6675.45,1313666
2024-12-03 18:30:00,6701.75,6764.4,6666.85,6740.0,1130441
2024-12-04 18:30:00,6760.0,6889.9,6685.45,6850.4,1348243
2024-12-05 18:30:00,6875.95,6935.0,6778.65,6850.3,833207
2024-12-08 18:30:00,6850.1,6925.0,6827.9,6868.35,840910
2024-12-09 18:30:00,6884.8,6958.85,6844.05,6936.2,1204563
2024-12-10 18:30:00,6959.9,7165.0,6893.1,7115.1,1993104
2024-12-11 18:30:00,7121.85,7148.4,7075.0,7125.8,966796
2024-12-12 18:30:00,7099.0,7217.25,6980.6,7182.8,1250436
2024-12-15 18:30:00,7182.8,7248.0,7156.1,7208.4,796074
2024-12-16 18:30:00,7200.0,7257.4,7110.0,7152.8,1031856
2024-12-17 18:30:00,7149.0,7178.8,7060.4,7074.45,727514
2024-12-18 18:30:00,6950.0,7024.45,6887.85,6918.55,907675
2024-12-19 18:30:00,6913.35,7024.0,6804.7,6848.25,2700019
2024-12-22 18:30:00,6897.0,6976.9,6855.95,6866.7,582928
2024-12-23 18:30:00,6882.0,6910.0,6794.0,6808.2,601427
2024-12-25 18:30:00,6830.4,6858.0,6800.05,6815.75,329096
2024-12-26 18:30:00,6846.85,6976.7,6830.4,6907.75,555418
2024-12-29 18:30:00,6900.0,6995.0,6865.0,6888.25,490876
2024-12-30 18:30:00,6869.95,6877.0,6792.0,6823.0,615398
2024-12-31 18:30:00,6823.0,6947.95,6806.0,6935.3,418721
2025-01-01 18:30:00,6980.0,7430.0,6971.0,7389.2,3171651
2025-01-02 18:30:00,7389.75,7500.0,7359.25,7407.25,1505928
2025-01-05 18:30:00,7500.0,7599.9,7316.75,7349.35,1905976
2025-01-06 18:30:00,7354.95,7446.9,7301.45,7353.95,1042538
2025-01-07 18:30:00,7361.85,7388.45,7256.7,7355.4,844466
2025-01-08 18:30:00,7338.45,7355.4,7236.0,7277.45,668141
2025-01-09 18:30:00,7277.45,7367.05,7245.05,7288.05,808963
2025-01-12 18:30:00,7240.0,7255.1,7134.0,7150.95,664274
2025-01-13 18:30:00,7230.0,7388.0,7191.15,7335.0,998011
2025-01-14 18:30:00,7340.5,7350.0,7105.2,7177.4,681750
2025-01-15 18:30:00,7200.0,7289.0,7194.05,7259.75,860849
2025-01-16 18:30:00,7221.0,7284.95,7156.3,7182.1,665274
2025-01-19 18:30:00,7182.1,7470.0,7182.1,7440.1,1067971
2025-01-20 18:30:00,7450.0,7485.0,7277.6,7291.65,1003206
2025-01-21 18:30:00,7339.0,7420.25,7260.35,7397.15,727368
2025-01-22 18:30:00,7341.0,7524.0,7325.0,7443.25,1030295
2025-01-23 18:30:00,7443.25,7505.0,7338.3,7438.6,679687
2025-01-26 18:30:00,7380.1,7474.5,7260.0,7295.45,692810
2025-01-27 18:30:00,7390.0,7706.8,7345.0,7606.6,2478933
2025-01-28 18:30:00,7657.25,7787.0,7568.95,7759.65,1514920
2025-01-29 18:30:00,7850.0,8250.65,7850.0,7901.65,5648883
2025-01-30 18:30:00,7925.0,7980.65,7791.0,7885.1,1833546
2025-01-31 18:30:00,7880.0,8109.95,7784.4,8000.1,1615378
2025-02-02 18:30:00,7922.2,8439.3,7921.05,8425.8,4336926
2025-02-03 18:30:00,8425.0,8490.0,8303.0,8475.35,1966300
2025-02-04 18:30:00,8500.0,8588.7,8445.5,8509.45,1867493
2025-02-05 18:30:00,8534.25,8662.8,8462.0,8507.3,1709473
2025-02-06 18:30:00,8585.0,8585.0,8383.9,8474.25,966540
2025-02-09 18:30:00,8478.8,8488.0,8220.0,8286.8,1243838
2025-02-10 18:30:00,8299.0,8355.1,8139.35,8191.2,963059
2025-02-11 18:30:00,8149.65,8284.0,8025.0,8214.05,1483731
2025-02-12 18:30:00,8197.05,8498.0,8197.05,8409.0,1800313
2025-02-13 18:30:00,8408.55,8455.6,8282.0,8392.3,863315
2025-02-16 18:30:00,8220.25,8488.0,8220.25,8426.6,862799
2025-02-17 18:30:00,8430.0,8480.0,8360.7,8465.9,868977
2025-02-18 18:30:00,8459.15,8529.0,8400.0,8439.45,896198
2025-02-19 18:30:00,8355.85,8455.6,8345.65,8399.45,790070
2025-02-20 18:30:00,8360.0,8420.3,8288.0,8396.7,608647
2025-02-23 18:30:00,8328.0,8399.0,8311.05,8354.95,355260
2025-02-24 18:30:00,8354.95,8526.65,8338.05,8488.8,1098541
2025-02-26 18:30:00,8542.6,8739.0,8542.6,8705.4,1838283
2025-02-27 18:30:00,8665.0,8670.0,8510.05,8530.3,1754580
2025-03-02 18:30:00,8536.0,8650.8,8438.1,8627.85,874996
2025-03-03 18:30:00,8522.2,8619.3,8513.65,8585.95,765506
2025-03-04 18:30:00,8455.0,8500.0,8221.0,8298.7,1630092
2025-03-05 18:30:00,8365.0,8459.8,8275.55,8410.85,881422
2025-03-06 18:30:00,8409.9,8470.0,8366.45,8404.5,472946
2025-03-09 18:30:00,8437.75,8637.9,8326.05,8342.6,1016453
2025-03-10 18:30:00,8305.0,8375.0,8211.25,8340.45,813567
2025-03-11 18:30:00,8341.1,8524.5,8272.55,8484.45,2088223
2025-03-12 18:30:00,8500.0,8560.0,8393.0,8420.45,1217351
2025-03-16 18:30:00,8399.2,8629.95,8386.0,8580.35,1102085
2025-03-17 18:30:00,8580.35,8580.35,8580.35,8580.35,44149
2025-03-17 18:30:00,8615.0,8699.0,8494.8,8682.5,1103110
2025-03-18 18:30:00,8700.0,8879.0,8682.6,8731.6,1289820
2025-03-19 18:30:00,8725.0,8768.05,8541.15,8679.65,792433
2025-03-20 18:30:00,9039.95,9089.0,8831.0,8916.1,2744801
2025-03-23 18:30:00,9095.95,9115.0,8927.0,9090.05,1433217
2025-03-24 18:30:00,9125.0,9260.05,8977.05,9067.25,1748260
2025-03-25 18:30:00,9102.05,9126.9,8849.95,8866.05,886211
2025-03-26 18:30:00,8861.0,9055.4,8822.25,9003.85,2092044
2025-03-27 18:30:00,8997.6,9028.9,8861.0,8945.6,977099
2025-03-31 18:30:00,8783.3,8925.0,8671.0,8698.2,1183424
2025-04-01 18:30:00,8730.0,8759.85,8612.0,8669.25,646495
2025-04-02 18:30:00,8650.0,8765.0,8460.2,8594.6,1396633
2025-04-03 18:30:00,8656.0,8797.0,8583.8,8718.85,1849658
2025-04-06 18:30:00,8340.0,8600.5,8307.15,8568.0,1398124
2025-04-07 18:30:00,8650.0,8873.0,8650.0,8822.25,1477563
2025-04-08 18:30:00,8815.0,8842.0,8625.0,8735.8,1048774
2025-04-10 18:30:00,8825.05,8973.5,8810.7,8921.1,1009722
2025-04-14 18:30:00,9255.5,9290.0,9075.5,9141.0,1263361
2025-04-15 18:30:00,9149.5,9171.5,8964.0,9056.5,719822
2025-04-16 18:30:00,9040.0,9190.0,8952.0,9162.5,1141513
2025-04-20 18:30:00,9170.0,9315.0,9141.5,9273.5,782415
2025-04-21 18:30:00,9295.0,9393.0,9230.0,9260.5,1129358
2025-04-22 18:30:00,9282.0,9348.5,9150.0,9323.0,1081872
2025-04-23 18:30:00,9620.0,9660.0,9273.0,9301.0,1849671
2025-04-24 18:30:00,9310.5,9344.5,8990.0,9112.0,1089354
2025-04-27 18:30:00,9080.0,9125.0,9000.5,9093.0,994656
2025-04-28 18:30:00,9130.0,9146.0,8960.0,9093.0,1176818
2025-04-29 18:30:00,8840.0,8888.0,8556.0,8634.5,3969057
2025-05-01 18:30:00,8575.5,8915.0,8566.0,8862.5,2202675
2025-05-04 18:30:00,8877.5,9033.0,8866.0,8932.0,893061
2025-05-05 18:30:00,8911.0,8974.0,8750.0,8797.5,1204087
2025-05-06 18:30:00,8750.0,8997.5,8723.0,8986.5,1163557
2025-05-07 18:30:00,8977.0,9074.5,8775.0,8832.5,1201809
2025-05-08 18:30:00,8650.0,8781.0,8605.0,8641.0,1215134
2025-05-11 18:30:00,8849.0,9030.0,8825.5,9018.5,1063822
2025-05-12 18:30:00,9004.0,9163.5,8991.0,9042.0,1336300
2025-05-13 18:30:00,9045.0,9110.5,9012.0,9081.0,759400
2025-05-14 18:30:00,9099.5,9215.0,9028.0,9188.5,1038500
2025-05-15 18:30:00,9188.5,9286.0,9133.5,9167.0,625192
2025-05-18 18:30:00,9167.0,9289.5,9167.0,9255.5,716274
2025-05-19 18:30:00,9298.0,9310.0,9069.0,9079.0,810616
2025-05-20 18:30:00,9100.0,9280.0,9028.5,9197.5,732150
2025-05-21 18:30:00,9197.5,9199.0,9070.5,9139.0,615974
2025-05-22 18:30:00,9139.0,9286.5,9111.0,9243.5,425169
2025-05-25 18:30:00,9255.0,9336.5,9250.0,9269.5,547679
2025-05-26 18:30:00,9270.0,9290.0,9143.0,9171.0,715000
2025-05-27 18:30:00,9245.0,9294.5,9141.0,9267.5,650740
2025-05-28 18:30:00,9250.0,9279.5,9160.0,9204.0,708175
2025-05-29 18:30:00,9170.0,9203.5,9121.0,9180.5,1504174
2025-06-01 18:30:00,9130.0,9165.0,9040.0,9118.5,661963
2025-06-02 18:30:00,9106.0,9128.0,8970.0,8979.0,908027
2025-06-03 18:30:00,8975.0,9039.5,8964.5,8987.0,554493
2025-06-04 18:30:00,8987.0,8987.0,8869.5,8934.0,785332
2025-06-05 18:30:00,8945.0,9434.0,8876.0,9371.5,1978386
2025-06-08 18:30:00,9550.0,9788.0,9403.0,9607.5,2349601
2025-06-09 18:30:00,9700.0,9700.0,9485.5,9497.5,904404
2025-06-09 18:30:00,9703.0,9703.0,9703.0,9703.0,175000
2025-06-10 18:30:00,9592.0,9592.0,9592.0,9592.0,175000
2025-06-10 18:30:00,9490.0,9570.0,9404.0,9425.0,1186081
2025-06-11 18:30:00,9449.0,9533.0,9355.0,9368.5,1238833
2025-06-11 18:30:00,9519.0,9519.0,9519.0,9519.0,175000
2025-06-12 18:30:00,9150.0,9365.5,9147.0,9331.0,1018202
2025-06-12 18:30:00,9419.5,9419.5,9419.5,9419.5,148000
2025-06-15 18:30:00,956.0,956.0,925.0,938.0,7016290
2025-06-16 18:30:00,941.5,943.5,917.5,923.0,6110175
2025-06-17 18:30:00,927.0,932.5,915.0,919.0,5002923
2025-06-18 18:30:00,919.0,922.5,894.0,900.5,6585940
2025-06-19 18:30:00,897.0,907.5,886.0,905.0,14320241
2025-06-22 18:30:00,899.0,918.0,890.5,915.5,5870597
2025-06-23 18:30:00,920.0,936.0,914.5,916.5,11555634
2025-06-24 18:30:00,918.0,930.0,916.0,928.0,6623799
2025-06-25 18:30:00,930.0,953.5,928.5,951.5,11677790
2025-06-26 18:30:00,950.0,959.5,936.0,947.0,21637194
2025-06-29 18:30:00,956.0,956.0,934.0,936.5,6086081
2025-06-30 18:30:00,932.5,941.8,928.0,936.65,5381327
2025-07-01 18:30:00,933.0,939.85,914.0,923.0,9394493
2025-07-02 18:30:00,922.0,924.5,905.2,910.15,7606558
2025-07-03 18:30:00,922.0,940.7,919.0,925.3,10613046
2025-07-06 18:30:00,925.0,929.3,918.1,924.65,3383973
2025-07-07 18:30:00,918.8,929.5,918.8,927.65,3851432
2025-07-08 18:30:00,926.5,946.0,924.0,940.6,5341529
2025-07-09 18:30:00,943.0,951.7,942.25,947.65,5409906
2025-07-10 18:30:00,938.7,947.15,931.55,933.5,4278038
2025-07-13 18:30:00,932.0,932.0,911.3,918.85,6657978
2025-07-13 18:30:00,933.5,933.5,933.5,933.5,685074
2025-07-14 18:30:00,919.0,930.6,918.0,928.4,3892075
2025-07-15 18:30:00,924.0,927.0,919.4,921.75,3952491
2025-07-16 18:30:00,925.95,926.25,916.0,923.3,4583882
2025-07-17 18:30:00,920.5,944.9,920.0,942.0,7893820
2025-07-20 18:30:00,938.9,951.0,937.35,948.45,4660232
2025-07-21 18:30:00,955.0,962.0,940.0,952.55,6237382
2025-07-22 18:30:00,954.0,970.95,953.65,968.3,9694991
2025-07-23 18:30:00,970.0,970.0,954.0,958.95,5189112
2025-07-24 18:30:00,906.4,924.9,898.0,913.75,24415481
2025-07-27 18:30:00,909.25,913.75,879.0,880.5,14011284
2025-07-28 18:30:00,875.05,894.0,873.5,886.55,11323854
2025-07-29 18:30:00,890.95,892.6,875.0,884.85,5054496
2025-07-30 18:30:00,872.0,887.85,868.0,881.2,6999179
2025-07-31 18:30:00,884.8,895.85,873.0,875.6,5300299
2025-08-03 18:30:00,874.0,886.75,873.7,885.3,3969985
2025-08-04 18:30:00,889.0,893.6,882.4,891.9,4446791
2025-08-05 18:30:00,888.0,895.5,874.6,876.65,4212648
2025-08-06 18:30:00,871.0,882.0,867.25,879.1,5998002
2025-08-07 18:30:00,877.0,888.3,876.0,877.15,3736916
2025-08-10 18:30:00,877.15,888.3,872.75,877.8,5367926
2025-08-11 18:30:00,877.2,884.9,851.5,853.0,8257312
2025-08-12 18:30:00,854.55,864.0,849.0,860.0,10117225
2025-08-13 18:30:00,860.0,866.9,855.45,861.45,5379250
2025-08-17 18:30:00,875.0,919.65,875.0,905.2,16277779
2025-08-18 18:30:00,905.95,909.9,890.5,902.3,5764382
2025-08-19 18:30:00,900.55,902.0,886.05,887.8,5561646
2025-08-20 18:30:00,888.0,901.3,884.0,895.6,6697533
2025-08-21 18:30:00,895.0,903.9,892.0,894.5,6424895
2025-08-24 18:30:00,902.1,908.0,898.15,900.8,5837876
2025-08-25 18:30:00,899.95,901.9,873.5,876.25,6712926
2025-08-27 18:30:00,870.2,884.5,869.7,876.85,8349342
2025-08-28 18:30:00,870.85,888.0,870.85,877.85,5672446
2025-08-31 18:30:00,877.85,894.8,877.85,889.35,4101526
2025-09-01 18:30:00,895.0,899.55,886.15,890.1,6103185
2025-09-02 18:30:00,892.7,898.85,880.05,896.3,5493809
2025-09-03 18:30:00,915.0,948.0,912.25,934.75,21738706
2025-09-04 18:30:00,942.0,942.35,932.0,937.6,5467260
2025-09-07 18:30:00,937.6,949.65,935.65,944.3,5657331
2025-09-08 18:30:00,944.0,949.4,940.0,948.4,5417393
2025-09-09 18:30:00,951.05,969.65,947.7,967.95,6836239
2025-09-10 18:30:00,968.0,975.9,965.6,970.25,5982627
2025-09-11 18:30:00,972.25,1004.6,970.85,1003.25,11412561
2025-09-14 18:30:00,999.0,1025.7,998.1,1009.85,9989753
2025-09-15 18:30:00,1005.85,1015.3,1000.0,1003.25,7602155
2025-09-16 18:30:00,1010.0,1011.8,1000.35,1007.5,6995023
2025-09-17 18:30:00,1007.0,1009.8,990.0,996.5,9738376
2025-09-18 18:30:00,991.0,996.0,988.6,992.45,6736440
2025-09-21 18:30:00,989.95,1010.9,989.0,1006.5,4250045
2025-09-22 18:30:00,999.0,1028.8,999.0,1025.5,10230040
2025-09-23 18:30:00,1021.5,1036.0,1020.4,1029.75,6433184
2025-09-24 18:30:00,1020.0,1031.1,1008.0,1012.75,16731453
2025-09-25 18:30:00,1008.05,1010.5,981.05,985.1,9109737
2025-09-28 18:30:00,990.0,997.8,981.1,990.95,5804877
2025-09-29 18:30:00,990.0,1002.3,989.45,998.9,7182200
2025-09-30 18:30:00,991.5,1000.0,977.75,987.7,6932272
2025-10-02 18:30:00,975.0,992.2,972.0,989.75,7692197
2025-10-05 18:30:00,993.0,1023.0,992.1,1008.9,9299635
2025-10-06 18:30:00,1008.9,1029.5,1008.9,1016.55,7991437
2025-10-07 18:30:00,1012.05,1028.0,1012.05,1023.15,4448915
2025-10-08 18:30:00,1023.0,1029.0,1014.95,1024.1,4444154
2025-10-09 18:30:00,1018.1,1027.5,1017.0,1023.85,3714548
2025-10-12 18:30:00,1023.85,1040.0,1021.5,1036.75,7684523
2025-10-13 18:30:00,1040.0,1042.1,1011.35,1019.15,7668358
2025-10-14 18:30:00,1026.0,1063.0,1018.4,1059.9,10205158
2025-10-15 18:30:00,1062.0,1081.1,1058.85,1065.75,9901992
2025-10-16 18:30:00,1056.1,1076.45,1056.1,1070.1,5761670
2025-10-19 18:30:00,1081.5,1086.5,1072.2,1081.0,5700858
2025-10-20 18:30:00,1084.9,1089.0,1081.0,1086.5,911624
2025-10-22 18:30:00,1090.0,1102.5,1083.9,1094.15,11143407
2025-10-23 18:30:00,1093.5,1098.6,1087.4,1089.75,6440277
2025-10-26 18:30:00,1090.95,1094.0,1075.75,1084.4,7366175
2025-10-27 18:30:00,1078.0,1092.4,1063.05,1072.75,12324341
2025-10-28 18:30:00,1072.0,1079.15,1061.25,1062.95,5386803
2025-10-29 18:30:00,1063.0,1066.8,1045.0,1052.3,4271927
2025-10-30 18:30:00,1052.0,1069.45,1041.4,1042.8,5315632
2025-11-02 18:30:00,1037.0,1048.0,1031.0,1043.1,4135617
2025-11-03 18:30:00,1040.0,1060.4,1035.0,1057.0,6202540
2025-11-05 18:30:00,1037.0,1052.8,1035.0,1041.9,5776277
2025-11-06 18:30:00,1039.0,1076.9,1034.2,1066.6,6940923
2025-11-09 18:30:00,1066.6,1088.0,1062.9,1085.0,5692236
2025-11-10 18:30:00,1043.7,1043.7,997.0,1005.2,23762890
2025-11-11 18:30:00,1011.0,1018.4,1008.8,1013.2,11131278
2025-11-12 18:30:00,1012.5,1019.4,1003.5,1005.4,8503994
2025-11-13 18:30:00,1004.9,1019.9,1002.6,1018.5,4381122
2025-11-16 18:30:00,1021.0,1033.0,1017.0,1026.8,6011603
2025-11-17 18:30:00,1021.2,1024.1,1011.7,1013.6,4562185
2025-11-18 18:30:00,1009.0,1016.1,1004.6,1005.6,5158832
2025-11-19 18:30:00,1015.0,1031.7,1007.3,1028.6,5459073
2025-11-20 18:30:00,1020.0,1027.6,1001.5,1004.1,6304584
2025-11-23 18:30:00,1005.0,1009.3,990.0,994.0,9574900
2025-11-24 18:30:00,995.0,996.9,984.5,986.2,6376983
2025-11-25 18:30:00,986.2,1012.8,981.3,1010.7,9772235
2025-11-26 18:30:00,1015.6,1044.9,1010.9,1033.8,12076038
2025-11-27 18:30:00,1038.0,1043.5,1031.0,1037.5,4983147
2025-11-30 18:30:00,1041.9,1042.0,1018.8,1021.1,6459837
2025-12-01 18:30:00,1014.5,1036.0,1013.9,1025.5,6706145
2025-12-02 18:30:00,1021.0,1026.3,1014.2,1021.4,5895670
2025-12-03 18:30:00,1018.0,1032.3,1016.0,1029.1,5404918
2025-12-04 18:30:00,1028.9,1061.0,1026.5,1048.0,13123572
2025-12-07 18:30:00,1048.0,1049.8,1023.0,1026.4,5189635
2025-12-08 18:30:00,1025.0,1026.0,1013.7,1016.7,5968501
2025-12-09 18:30:00,1016.0,1021.7,1007.3,1010.3,4990527
2025-12-10 18:30:00,1011.9,1020.5,1000.1,1006.4,4670539
2025-12-11 18:30:00,1000.0,1020.8,1000.0,1017.3,4381711
2025-12-14 18:30:00,1015.0,1016.5,1008.0,1012.7,3958977
2025-12-15 18:30:00,1007.5,1010.6,996.5,998.4,3861617
2025-12-16 18:30:00,1000.0,1011.2,995.3,999.6,4695550
2025-12-17 18:30:00,1002.1,1009.7,995.0,1000.3,3103997
2025-12-18 18:30:00,1003.2,1014.0,1002.5,1008.3,5126009
2025-12-21 18:30:00,1008.3,1015.4,1005.0,1007.8,3921237
2025-12-22 18:30:00,1013.5,1018.0,1005.7,1011.4,4712043
2025-12-23 18:30:00,1011.0,1037.4,1006.0,1011.7,5984816
2025-12-25 18:30:00,1011.7,1011.7,998.0,1000.0,5211460
2025-12-28 18:30:00,1003.0,1003.9,989.6,998.0,6715489
2025-12-29 18:30:00,994.1,997.6,987.1,989.3,7473887
2025-12-30 18:30:00,990.0,994.2,978.4,986.8,9895270
2025-12-31 18:30:00,988.2,989.0,969.0,973.1,7118751
2026-01-01 18:30:00,972.9,994.2,960.6,990.45,6206869
2026-01-04 18:30:00,979.7,999.15,975.0,978.75,10564157
2026-01-05 18:30:00,978.0,987.0,973.3,977.35,8380183
2026-01-06 18:30:00,973.05,976.45,965.05,968.8,7048491
2026-01-07 18:30:00,968.5,978.35,965.3,971.95,4410256
2026-01-08 18:30:00,970.1,983.0,953.7,959.6,7598970
2026-01-11 18:30:00,958.8,961.4,939.85,951.9,5640136
2026-01-12 18:30:00,950.0,955.85,939.0,949.0,6765116
2026-01-13 18:30:00,947.0,953.9,943.15,945.95,4452202
2026-01-15 18:30:00,940.2,963.0,936.8,950.25,10710080
2026-01-18 18:30:00,950.5,972.9,948.85,969.45,7000442
2026-01-19 18:30:00,975.7,975.7,927.9,933.2,9001207
2026-01-20 18:30:00,925.0,947.3,921.0,936.25,5375254
2026-01-21 18:30:00,947.0,947.0,934.25,942.85,5518756
2026-01-22 18:30:00,942.85,951.4,926.3,927.85,6535035
2026-01-26 18:30:00,930.0,931.95,907.7,914.7,15312488
2026-01-27 18:30:00,914.7,936.9,914.7,935.15,6046468
2026-01-28 18:30:00,935.15,939.8,923.7,935.15,6430445
2026-01-29 18:30:00,928.35,938.0,925.15,929.85,10151379
2026-01-31 18:30:00,930.8,935.0,888.55,902.35,3830308
2026-02-01 18:30:00,887.0,909.4,887.0,903.7,11874989
2026-02-02 18:30:00,960.0,972.8,941.9,964.4,15261370
2026-02-03 18:30:00,965.0,975.7,944.15,963.3,17489015
2026-02-04 18:30:00,964.0,968.5,953.0,964.75,6020258
2026-02-05 18:30:00,973.95,986.5,966.1,981.7,13742927
2026-02-08 18:30:00,988.0,988.0,971.6,983.15,4852548
2026-02-09 18:30:00,983.15,985.15,961.3,965.6,6166752
2026-02-10 18:30:00,965.3,974.5,961.4,968.95,3597342
2026-02-11 18:30:00,968.3,1002.0,965.0,999.1,10346853
2026-02-12 18:30:00,995.0,1032.0,992.8,1024.75,21613987
2026-02-15 18:30:00,1023.05,1029.3,1003.3,1012.75,4460636
2026-02-16 18:30:00,1012.75,1016.35,1004.0,1014.15,2913899
2026-02-17 18:30:00,1014.55,1025.7,1007.05,1023.8,4929647
2026-02-18 18:30:00,1024.0,1024.5,1007.0,1017.05,9866245
2026-02-19 18:30:00,1015.9,1036.6,1008.75,1030.2,6922705
2026-02-22 18:30:00,1032.45,1046.0,1029.05,1031.0,9452225
2026-02-23 18:30:00,1026.3,1028.75,1010.3,1023.55,6610984
2026-02-24 18:30:00,1028.0,1034.0,1013.4,1021.05,3182612
2026-02-25 18:30:00,1020.75,1031.2,1006.05,1012.95,4336261
2026-02-26 18:30:00,1008.95,1014.9,993.1,995.9,8145772
2026-03-01 18:30:00,971.0,990.4,968.0,978.25,8493269
2026-03-03 18:30:00,967.0,967.0,941.3,945.1,8964293
2026-03-04 18:30:00,958.0,968.25,945.9,962.4,6181254
2026-03-05 18:30:00,960.0,961.5,946.6,950.2,6560051
2026-03-08 18:30:00,921.8,941.1,909.05,938.05,9182152
2026-03-09 18:30:00,950.0,952.15,931.85,939.8,8474956
2026-03-10 18:30:00,932.2,941.25,890.0,893.65,11172537
2026-03-11 18:30:00,880.1,888.2,858.35,863.1,15508258
2026-03-12 18:30:00,861.0,868.35,848.8,855.05,6668639
2026-03-15 18:30:00,850.1,881.9,850.1,878.15,8982957
2026-03-16 18:30:00,878.15,881.05,859.55,868.6,7941385
2026-03-17 18:30:00,876.1,893.95,858.2,880.1,12375517
2026-03-18 18:30:00,868.2,869.9,826.7,832.2,11585591
2026-03-19 18:30:00,836.7,841.95,819.25,830.55,14881843
2026-03-22 18:30:00,818.1,818.8,787.9,812.6,15835828
2026-03-23 18:30:00,830.0,854.0,817.6,849.0,18828248
2026-03-24 18:30:00,862.05,888.8,853.3,882.75,15995501
2026-03-26 18:30:00,875.0,875.15,841.25,843.8,11282824
2026-03-29 18:30:00,831.0,834.9,799.0,801.55,20377282
2026-03-31 18:30:00,832.8,842.05,814.8,817.3,15094026
2026-04-01 18:30:00,809.0,830.05,792.45,826.85,9113618
2026-04-05 18:30:00,828.9,853.0,814.25,850.85,12504591
2026-04-06 18:30:00,848.0,862.8,844.45,855.1,11569047
2026-04-07 18:30:00,890.0,926.0,881.0,915.05,13826150
2026-04-08 18:30:00,902.0,913.4,891.4,903.25,9457820
2026-04-09 18:30:00,915.75,927.3,912.3,924.55,9491544
2026-04-12 18:30:00,896.15,905.9,881.1,898.95,10723313
