Price,Close,High,Low,Open,Volume
Ticker,LICI.NS,LICI.NS,LICI.NS,LICI.NS,LICI.NS
Date,,,,,
2022-05-17,849.8521118164062,892.2840428767299,835.0446342897566,846.6964198844973,48792877
2022-05-18,850.9202880859375,865.1452020383173,848.7355779797801,859.8533368172585,8919761
2022-05-19,816.4503784179688,841.8415872523661,813.6831027883309,841.8415872523661,7372427
2022-05-20,802.177001953125,831.937572075606,801.0603486705692,823.9269685889003,7078291
2022-05-23,793.1467895507812,827.9565371190566,780.3298718705305,802.1769714582995,12444648
2022-05-24,799.2154541015625,810.4788835885122,793.1468151314558,794.2634684075764,4287864
2022-05-25,796.4967651367188,817.033064391931,790.6223341018222,807.3717786990054,4013031
2022-05-26,788.0978393554688,800.8662215581319,777.7568537368645,796.4968010315202,2796468
2022-05-27,797.7589721679688,800.7205153647682,790.7193510383637,794.7974882352211,2215807
2022-05-30,813.4404296875,816.9845388223789,801.3516880828421,805.8182422644485,3133717
2022-05-31,787.7578735351562,798.1473952778364,786.4956084854592,786.4956084854592,4373090
2022-06-01,786.884033203125,793.7294461614662,785.0391432363423,787.8550154458416,1670031
2022-06-02,782.3203735351562,790.1853056811271,780.6696919357158,786.4470479017318,1565763
2022-06-03,777.028564453125,787.223878325987,776.7858188847235,785.1848392570365,2052785
2022-06-06,754.7930297851562,778.4364831766113,752.6083197184498,777.0285470585898,3033514
2022-06-07,731.149658203125,750.4722293167712,729.9844676121415,750.4722293167712,3774512
2022-06-08,716.6334228515625,731.0525445225335,714.7399956506408,731.0525445225335,4103499
2022-06-09,700.7578735351562,714.6429072997182,699.2042664391175,708.7199395182079,3729113
2022-06-10,689.1060791015625,698.8644383574602,687.5039347661545,692.3103085083281,3464178
2022-06-13,648.8589477539062,670.8517214282929,647.6452198306854,670.8517214282929,7781730
2022-06-14,654.7333374023438,664.151877340243,643.7612495271653,644.8293063260379,5348769
2022-06-15,670.1234130859375,689.1061039244046,659.3940119796256,661.2389019314577,9204318
2022-06-16,649.9268798828125,685.5133994672931,647.6450955307146,683.0374068319417,4049782
2022-06-17,635.556396484375,649.9269214024613,632.1094214765985,649.6841758488989,4043000
2022-06-20,642.2076416015625,647.3538353351579,631.1384209742406,641.285196671944,3522551
2022-06-21,645.8973999023438,651.9175016618096,643.7612271149135,647.6451560869492,2355354
2022-06-22,649.19873046875,665.0257890870572,644.8293101968615,646.6742002395032,3472810
2022-06-23,645.8489379882812,655.1218076379866,639.4889561433697,650.7523870347062,1798979
2022-06-24,642.4503784179688,654.0050307172845,639.9743264657844,649.8783564823756,1743400
2022-06-27,645.5089721679688,650.5580915973557,642.4989509721689,650.5580915973557,1405766
2022-06-28,644.10107421875,645.509010382996,639.8773249900675,644.0039996959973,1004747
2022-06-29,658.8114013671875,676.6289004546232,638.7120586252094,640.945305760085,4653282
2022-06-30,654.344970703125,663.8605850271588,651.5290984349678,658.8114654070426,1681412
2022-07-01,657.01513671875,660.2193661619472,649.5870990996582,655.412992365126,1330472
2022-07-04,672.2110595703125,673.8617413948407,658.3260240139798,658.3260240139798,1832039
2022-07-05,682.2607421875,692.2133108410818,676.7746684435615,677.745650751228,3662593
2022-07-06,682.552001953125,692.8929276217614,681.1440658017929,686.4844683134249,1253320
2022-07-07,677.7941284179688,693.9610061247477,675.803626715081,687.4554133825824,1843219
2022-07-08,687.5524291992188,690.1740928283917,680.901225249989,680.901225249989,2152750
2022-07-11,697.3594360351562,700.952082069914,683.9112968497061,687.4068683689504,1638255
2022-07-12,696.77685546875,703.3795823370531,693.6211630811849,697.8449715275896,1355821
2022-07-13,697.9905395507812,702.8940471337476,694.6892355876541,699.010118284856,887093
2022-07-14,691.6306762695312,700.3209796549761,688.4264465516508,699.2043263110824,874964
2022-07-15,687.9408569335938,700.320879411933,684.590956645469,698.5731233854475,999239
2022-07-18,676.2891235351562,692.9414924936528,672.8906857284469,689.3973836467494,1620545
2022-07-19,668.8610229492188,678.7165153687034,668.0357118364348,676.7745510901091,1592940
2022-07-20,667.7445068359375,676.5318843674474,666.8220618433362,674.1529659962295,1377738
2022-07-21,667.598876953125,672.8907424078452,667.1133857969866,668.035830846461,799923
2022-07-22,668.6668701171875,674.1528836144853,667.7444252373093,669.0552274122624,948078
2022-07-25,664.1033325195312,669.9777633745698,662.2099052484879,668.0357988430494,671602
2022-07-26,655.7529296875,664.9287250741319,655.4131095585387,664.1519510193192,662692
2022-07-27,654.7817993164062,659.8794556830787,653.373922588278,655.4129614293278,690747
2022-07-28,655.31591796875,659.5396668813614,654.4420102731507,657.3549569064139,741896
2022-07-29,658.1317138671875,663.957606983623,655.4129755989942,656.5296288185974,1519288
2022-08-01,663.0838012695312,665.7054059294887,658.7143811508644,660.2679290429913,949173
2022-08-02,665.6083374023438,668.9582380429563,660.4621432912852,662.5983161102304,1061968
2022-08-03,658.6171875,668.0357263080244,657.3549225443787,665.1227798270302,951585
2022-08-04,654.1507568359375,663.6178338191429,651.2378100718743,662.209897697035,1036357
2022-08-05,667.4046630859375,674.784164156288,654.5391475552934,655.4130553346957,3867024
2022-08-08,660.2679443359375,668.0358025045956,658.811470929314,660.6077644251944,1215231
2022-08-10,662.7924194335938,667.9872097104454,660.996126087049,662.6953449201777,1133206
2022-08-11,662.841064453125,669.7835520637318,661.5302028417971,665.5598029322456,1055646
2022-08-12,662.5982055664062,667.1617740032744,661.2873441792694,663.4235166418287,867471
2022-08-16,677.4058227539062,686.09606689499,671.2400496136527,672.8907313702582,4029367
2022-08-17,677.6970825195312,683.5715133596549,676.7746375165901,681.629548833065,1443441
2022-08-18,676.04638671875,683.0860079808124,674.8326589149461,678.6195133684354,1010173
2022-08-19,666.0452880859375,678.6680573709156,663.2779531073372,677.648537858401,1403378
2022-08-22,655.7042846679688,665.025749586091,655.4130018532887,665.025749586091,1331779
2022-08-23,651.6260986328125,659.1026730575277,650.8007875090652,654.9274616558963,1053329
2022-08-24,656.6267700195312,663.180900441168,652.5000953096119,653.5681521171452,1473399
2022-08-25,659.6434326171875,664.460491201457,658.8649318975414,660.2759978620361,865146
2022-08-26,660.6166381835938,664.0713356963973,659.8381373875633,662.6116244304139,691903
2022-08-29,652.1503295898438,656.8213935414549,649.2795523563556,652.0043347118119,1400803
2022-08-30,655.4103393554688,658.7676870486994,654.1452681742547,655.4103393554688,689256
2022-09-01,650.7391967773438,658.6702578303414,650.1066315651844,654.923689900521,1019021
2022-09-02,646.7980346679688,654.8264459972468,646.1654694109789,652.9774547812754,914138
2022-09-05,642.0783081054688,651.1772105084191,641.4458022031049,648.111793133924,1467031
2022-09-06,635.2662963867188,646.0194902464342,633.5146548423515,644.2192035416847,1984406
2022-09-07,635.6068725585938,637.7964391356444,633.5145962933163,635.2662376757979,1236249
2022-09-08,636.2880859375,641.2997847970414,634.7797295823119,638.3803624079806,1138616
2022-09-09,635.7528686523438,641.2997830556575,635.1203627739117,640.132002224044,1220396
2022-09-12,634.6824340820312,639.1102127901497,634.0985139715035,637.4072164104273,1161662
2022-09-13,652.2476196289062,655.3130368998428,635.9475112681689,637.4072224646529,4249316
2022-09-14,645.6302490234375,659.7894352005734,644.4138230735839,646.8466749732911,2467127
2022-09-15,654.5344848632812,658.4270481021846,642.4189292988356,647.1386384676854,2899060
2022-09-16,637.2125854492188,653.6586887659533,635.8015194067627,652.8801880032951,1723016
2022-09-19,637.1638793945312,645.7275057569482,636.4340238625788,640.6185170332807,1004677
2022-09-20,638.720947265625,647.1872841968282,637.9424464963216,639.8887281174809,927521
2022-09-21,634.9257202148438,642.175630978364,634.2931549431231,638.7696382138995,920171
2022-09-22,632.2981567382812,641.2997080269755,630.5951605485283,635.4608639478224,1270228
2022-09-23,625.534912109375,635.4123152679505,624.7564113264465,634.0985395131938,1212921
2022-09-26,613.6139526367188,623.7832864240406,612.2028865214974,622.810145571585,1072834
2022-09-27,611.910888671875,620.4745153500455,611.1323879549136,615.0249509355181,1138955
2022-09-28,604.7583618164062,610.8891369749879,603.5905809776762,610.8891369749879,845815
2022-09-29,602.9093627929688,610.0619832159223,601.4010064520629,607.1425608545045,777577
2022-09-30,604.9530029296875,609.5754217361928,600.4278744449988,603.5905820494498,873228
2022-10-03,603.93115234375,608.212995591031,602.6174360315935,605.293573212194,820751
2022-10-04,612.3975219726562,614.830374085527,607.239887372531,607.239887372531,776287
2022-10-06,612.00830078125,618.722936969906,611.6190206851815,613.6139475369748,774273
2022-10-07,607.7264404296875,613.0787149250651,607.2398700210168,612.1055741077237,644846
2022-10-10,602.7634887695312,605.9748418153571,601.5957078267384,605.9748418153571,863600
2022-10-11,602.8607177734375,609.1374877311104,601.4010065923881,604.0284985974371,775141
2022-10-12,599.1141357421875,605.9747662564108,597.3624348485146,604.8069854592284,700431
2022-10-13,595.1728515625,601.8389012548304,594.588990878058,599.4546945677312,686400
2022-10-14,596.3406982421875,602.4228285265517,595.5621974449496,601.0117624214186,617660
2022-10-17,592.3994750976562,597.070539161771,591.6696194815195,596.3406835456342,772169
2022-10-18,591.5235595703125,595.9513973380722,591.1829840785443,594.5889765794084,696884
2022-10-19,590.7450561523438,594.588973836172,589.2366999309364,592.5454021034002,637868
2022-10-20,584.8576049804688,591.6209452366905,583.8844642067908,591.2316651688997,1042196
2022-10-21,573.3745727539062,585.0036172237881,572.2067919116611,585.0036172237881,1854225
2022-10-24,583.6898193359375,584.6629601015512,577.0724740089241,577.0724740089241,457731
2022-10-25,579.5540161132812,584.8576455771263,578.3375900617481,583.8845047358998,536666
2022-10-27,579.5540161132812,581.7435830060408,579.0188005297673,580.478511791607,651827
2022-10-28,576.7805786132812,581.4029975300807,575.3695125384662,579.9919314552657,737228
2022-10-31,587.7283935546875,600.2332289809531,586.6092578849064,590.5991707719431,2929385
2022-11-01,588.94482421875,592.5941022198629,587.7283982183791,592.5941022198629,1013858
2022-11-02,602.7634887695312,605.293631315744,586.901244805223,590.6965180203483,1836761
2022-11-03,608.8455810546875,612.10557906084,599.4547483330325,602.3741708086804,1604869
2022-11-04,611.1810302734375,613.954517021711,609.4780339773353,611.1323851155655,662123
2022-11-07,616.241455078125,620.8638742042539,612.1056063863255,612.1056063863255,1044987
2022-11-09,614.34375,620.5718746232435,613.175969208667,617.9443826916939,626576
2022-11-10,604.1744995117188,617.9444669025952,601.9849325030087,617.9444669025952,788898
2022-11-11,610.8405151367188,616.6307149948223,608.2616681608852,609.1861638350031,979067
2022-11-14,646.7980346679688,666.5041352034692,640.6185551588634,646.1168242517793,8854572
2022-11-15,637.115234375,654.2424871035107,632.5414611612902,647.1385718034737,2112529
2022-11-16,625.3889770507812,637.4072425216859,622.8101300975252,634.4878200368538,1364241
2022-11-17,626.5567016601562,631.8116859174442,620.4259262905222,621.8369923777386,1211174
2022-11-18,621.6422729492188,628.6488979322668,619.5987012189025,625.7294758056464,750739
2022-11-21,610.2079467773438,623.1020628003063,608.5049503214807,622.7128421050193,880089
2022-11-22,608.9915161132812,616.7766427095413,607.2398745082833,608.2130153328158,996001
2022-11-23,604.5150756835938,612.1055620299239,603.3959400074127,610.1592804336444,914416
2022-11-24,607.483154296875,614.0518548038897,606.2667282770575,606.2667282770575,1199253
2022-11-25,610.8890991210938,613.8085213391157,609.8673132239455,610.4998190670386,803958
2022-11-28,612.884033203125,616.241380673796,610.889106542401,611.1323917301917,823562
2022-11-29,619.696044921875,626.1188097912755,612.1055586178566,612.1055586178566,1571328
2022-11-30,619.20947265625,622.6154654204712,615.9981199291443,618.9175422984767,647345
2022-12-01,633.4173583984375,640.4239245081749,620.8638185595253,620.8638185595253,3163335
2022-12-02,633.7579345703125,636.4340717220489,630.5952270273513,630.5952270273513,905130
2022-12-05,634.5851440429688,637.4072763530833,631.568431073513,633.6120031630403,800923
2022-12-06,634.1958618164062,641.1051376354293,631.5683698162849,633.5146513873674,1233657
2022-12-07,636.580078125,640.2293561252676,632.2982348463657,632.2982348463657,871091
2022-12-08,644.5597534179688,652.2962342765976,635.363620826936,637.4071926480993,2234602
2022-12-09,653.8046264648438,657.9404748885223,646.1654948994285,647.138635705,2723169
2022-12-12,678.4737548828125,684.799169870655,652.1016044498671,653.9505956661714,5932237
2022-12-13,699.0070190429688,705.0405038327751,681.198554427802,681.198554427802,7100398
2022-12-14,704.8458251953125,712.339020762824,692.7789156723276,704.5538948528477,5008176
2022-12-15,689.713623046875,711.2200134957278,687.0374855324075,708.5438759812603,2263539
2022-12-16,670.05615234375,692.4870381268327,668.5964409991354,682.4636987729739,2820832
2022-12-19,714.8692016601562,721.8271820775317,671.2238609207651,671.2725060811789,6490103
2022-12-20,720.0755615234375,733.9914633680601,710.4414436486517,718.1779250455794,8871743
2022-12-21,682.8042602539062,727.617381832484,679.2522726058849,722.0704674406398,4546599
2022-12-22,663.2927856445312,694.4819976878201,661.7357840286679,686.2589455512441,4221417
2022-12-23,641.0564575195312,668.5963283694842,637.5044700876698,660.7625573521999,3498066
2022-12-26,669.5208740234375,672.3430061170311,643.2460722812386,643.2460722812386,2728756
2022-12-27,673.997314453125,679.933509147912,663.2441201711008,674.8731649576058,1862730
2022-12-28,668.5963745117188,674.8731445485402,666.6014477516222,671.4671517498093,944339
2022-12-29,665.3363647460938,668.1584373773196,663.0494482701799,668.1584373773196,978328
2022-12-30,666.2120971679688,673.6566472556557,664.9470261414832,667.5745179015959,878093
2023-01-02,690.4434204101562,695.4064148957982,666.3095396520062,666.6014700224905,2988258
2023-01-03,714.8692016601562,717.9832640720404,696.5255214991485,698.71508827997,4845441
2023-01-04,711.3659057617188,725.9630173710564,708.4464834398512,717.107460086378,3772736
2023-01-05,708.2518310546875,718.4698090030323,703.1914872392047,714.1393207552885,1602415
2023-01-06,688.302490234375,709.8089379978411,686.2589182703172,708.2518770480714,1625158
2023-01-09,692.4869995117188,698.715124659765,689.0323614012664,696.768842975476,1268499
2023-01-10,695.7957153320312,699.2017083441461,689.4702997381037,692.5843623711982,1546064
2023-01-11,695.8929443359375,704.0673506029857,691.4651656895361,695.3577287889306,1322852
2023-01-12,686.4535522460938,698.2771774692967,684.215280862821,696.866111413347,1156008
2023-01-13,693.65478515625,696.9634878005429,686.3075836268567,687.4753645245956,1241951
2023-01-16,690.1514282226562,699.2989155880385,688.6917171051784,694.8224919194256,746717
2023-01-17,686.7454833984375,692.3896882329116,679.9334977095684,688.983695388477,981024
2023-01-18,687.621337890625,690.0541901466714,684.2153447321601,688.0106180099152,601657
2023-01-19,682.755615234375,691.9031632323371,681.4905439740114,686.0643179729924,651600
2023-01-20,679.7874755859375,686.3561758083831,676.4301280375277,683.1448231343473,528700
2023-01-23,682.0744018554688,685.9182604502337,679.4469098495256,681.1985513882211,530547
2023-01-24,683.2420654296875,695.3090339336703,681.1984937068848,683.1447751174759,1092923
2023-01-25,670.8832397460938,686.0155661445816,667.5745375219232,684.1179298511837,864582
2023-01-27,648.0631103515625,673.8999860231831,642.2729108668606,672.4402748621221,1736675
2023-01-30,638.866943359375,665.6283157011615,622.0316191835205,631.5683872661605,3024474
2023-01-31,635.7528686523438,645.0950559094512,633.3200166680658,642.2729238493686,1811224
2023-02-01,582.3760986328125,647.5278842744536,566.7084967880752,642.2729004217745,6326960
2023-02-02,583.0086059570312,589.72330096395,567.4870583410379,567.4870583410379,3377223
2023-02-03,582.9600219726562,588.2636515539996,570.2605455924628,585.9280897249919,2276729
2023-02-06,583.7871704101562,591.085726169264,580.9650384249817,585.8307422643869,1567204
2023-02-07,586.8525390625,601.5956457273222,585.1008975270261,585.8307531164569,2084510
2023-02-08,593.8591918945312,596.1460490882006,588.2636321183845,588.7502025337016,1374494
2023-02-09,596.6813354492188,601.4010448095482,593.226637917893,596.875916102417,1434333
2023-02-10,603.3959350585938,622.8101057014151,600.4765126881184,613.0786977998305,3943115
2023-02-13,590.404541015625,606.8992896161683,589.0907652852907,604.3204427126168,1315642
2023-02-14,581.98681640625,593.3239299555984,580.1865297685688,588.7988016884134,1528074
2023-02-15,584.8576049804688,587.7283821419786,579.1160506574489,579.1160506574489,933878
2023-02-16,586.6093139648438,589.9666618993498,585.8308131355193,587.8257400718528,703040
2023-02-17,586.4633178710938,589.4800305464411,584.176401388737,586.8038933875426,642400
2023-02-20,582.4248046875,588.7502202772557,580.3812326399008,588.7502202772557,885378
2023-02-21,581.111083984375,585.1495828858494,579.8946579184241,583.8845116564214,648784
2023-02-22,579.9432373046875,582.6193743462518,577.5103854487201,580.9650232050344,761922
2023-02-23,575.0289306640625,582.8627023364189,574.2503704963387,579.9919250563921,916630
2023-02-24,568.8981323242188,578.8241811381076,568.3142715569686,575.1262576886446,1119544
2023-02-27,552.500732421875,569.6766926438627,550.7977358886503,568.8981324263157,1912489
2023-02-28,562.8646240234375,567.0977624559093,552.3546565848374,552.743936636562,2207400
2023-03-01,585.538818359375,588.312245820049,564.6649367793665,565.6867227177306,1822832
2023-03-02,584.9549560546875,590.9884413573067,580.9651022265292,585.7335162711328,1383893
2023-03-03,598.9194946289062,602.3741324593275,591.3776537136239,592.642724826705,2101679
2023-03-06,595.2215576171875,608.2129627430604,593.5185613215069,603.3472590411159,1404596
2023-03-08,586.7552490234375,594.0051597610847,585.8307533972221,594.0051597610847,900075
2023-03-09,582.473388671875,590.0638747031624,576.5858989666494,588.7501584385196,1465695
2023-03-10,579.50537109375,580.9164371930382,574.2017416285928,579.0188006730164,649101
2023-03-13,566.4652709960938,582.424804862597,564.4216989478801,579.5053822818321,1137818
2023-03-14,562.9619140625,571.6715355023497,559.5559214968669,569.3359739847398,879186
2023-03-15,561.940185546875,570.9903834090077,560.5291194607387,565.3948236227242,817032
2023-03-16,557.074462890625,563.3512329303651,555.420111651312,561.5022416518739,972000
2023-03-17,564.3244018554688,566.465264205723,559.5559879390579,559.8965634777428,696661
2023-03-20,559.4586791992188,563.4971779504657,554.8849054822219,563.448532788798,725166
2023-03-21,557.1717529296875,563.2052377663446,556.1986121300913,562.280742127568,779267
2023-03-22,557.3663940429688,562.2320980503277,556.6365384418649,557.6096792433367,931326
2023-03-23,553.5224609375,559.5559456216234,552.7439601966646,557.7069543908149,748086
2023-03-24,544.9588623046875,557.6096930367606,543.9857214791434,554.6902705601284,1305399
2023-03-27,529.4859008789062,547.5377107591221,524.6201967377812,545.0561541305063,1741356
2023-03-28,522.3818969726562,534.5948004364379,520.6302556552178,531.334802967755,1821333
2023-03-29,517.56494140625,528.1235553497128,515.8132997415615,523.063211010543,2245923
2023-03-31,519.997802734375,532.2594133953596,516.8350948910115,520.1924427885123,2030925
2023-04-03,529.923828125,533.8163914525487,523.1604874642236,525.4960492190739,1228058
2023-04-05,535.1788330078125,540.5797529538429,531.9674800179407,534.6436174088013,1156963
2023-04-06,535.7626342773438,541.45554336867,533.4271320876035,536.200559499107,1088256
2023-04-10,534.546142578125,541.0661967563252,533.7676419439648,539.5578406409289,818437
2023-04-11,535.7139282226562,540.3363463135875,534.5461475626311,535.3246482040506,659636
2023-04-12,534.546142578125,539.0226251671808,534.2542122647887,537.8548445180448,682171
2023-04-13,536.1519165039062,538.5847684170778,533.4757793994175,535.1301305795339,562523
2023-04-17,529.972412109375,536.541111966347,529.3885514359625,536.1518913160039,947673
2023-04-18,533.7190551757812,537.4656232976555,531.4321387802627,531.4321387802627,612736
2023-04-19,531.8214721679688,535.2274651278734,530.3617608994382,534.2543242821863,482728
2023-04-20,537.076416015625,541.2609094575495,531.7727869271839,533.0378580520728,731513
2023-04-21,533.2811279296875,535.8112701068013,530.4589960126166,535.8112701068013,655602
2023-04-24,534.6436157226562,538.9253998970464,532.7946243182982,534.1570452894888,446849
2023-04-25,533.5731201171875,541.0663165966984,532.502688932602,536.2006123107568,987652
2023-04-26,533.0379028320312,535.5680452943637,532.356692355002,533.5731184226241,498401
2023-04-27,531.0429077148438,538.1954683149497,528.4154158672836,533.2811195124704,1151408
2023-04-28,535.130126953125,537.9521995158005,531.8700697740883,533.7677061326622,1231240
2023-05-02,535.2760620117188,539.7038405810702,534.4489161258107,537.1736983688116,1224198
2023-05-03,536.5411376953125,538.0495533995876,535.2274214192394,536.151917026305,856689
2023-05-04,537.6116943359375,551.3816022349972,534.3516367304383,537.1737690580876,4283342
2023-05-05,545.0075073242188,550.1651418190926,536.8331600292685,537.6603059724436,2503952
2023-05-08,547.5863037109375,551.7707969941678,546.9050933169706,547.87823405241,1104965
2023-05-09,542.3800048828125,551.2356218617023,541.0176433908457,549.2893402482057,1015395
2023-05-10,542.8179321289062,545.2507841547581,540.1904400618259,543.7424277778903,589178
2023-05-11,545.9319458007812,548.5594376329923,543.9856643540761,544.9101599204203,680822
2023-05-12,547.00244140625,549.2893580135535,542.5260173087502,545.9320102425271,892781
2023-05-15,552.4033813476562,557.6096607041134,546.126611507691,548.8513937820592,2164688
2023-05-16,552.2573852539062,559.1180157818656,551.1869541685618,553.7170964043571,902155
2023-05-17,554.6902465820312,555.6147422054946,550.7003931280944,552.7439650150768,862004
2023-05-18,552.8899536132812,561.3562308167654,551.7708179666694,556.6365218288094,964354
2023-05-19,549.8245849609375,554.7389344163832,547.0024527134358,554.6902892526273,515091
2023-05-22,561.9888305664062,563.740472185115,551.4789214583509,553.7171334931345,1506327
2023-05-23,574.299072265625,578.5322110270143,565.2975197811845,565.3948101037769,2726826
2023-05-24,577.9483032226562,587.9716408610633,576.1479572349358,578.1915884051215,2488874
2023-05-25,587.3877563476562,598.9681554924261,584.8576140551553,590.6964587878191,5187933
2023-05-26,588.0689697265625,593.8105241674472,586.9011888950164,592.2534632601189,1195590
2023-05-29,588.94482421875,593.7131785027236,587.0958329398659,593.6158881810143,1131333
2023-05-30,584.7603149414062,590.1612343587452,583.397894099285,589.2367387441486,720683
2023-05-31,579.1647338867188,583.3492271802925,577.0724575420334,583.3492271802925,720695
2023-06-01,581.111083984375,584.3710820828018,577.99702137638,579.0188073926179,694568
2023-06-02,580.8190307617188,585.2468686747146,580.0891752018796,583.0085974412364,507824
2023-06-05,580.5757446289062,585.8307284095032,579.9432387822217,582.4247358024712,641136
2023-06-06,581.6948852539062,583.6411667604019,579.9918889357225,581.986815600721,480880
2023-06-07,585.1982421875,588.7502301442129,581.4516735721771,582.9113848865843,809884
2023-06-08,587.1931762695312,594.0051617975035,586.1226857633698,586.1713309236953,1424334
2023-06-09,585.7821044921875,590.6964535527997,584.2250436064631,588.7501719924938,660925
2023-06-12,581.0137939453125,585.3442830641009,579.0675120398624,582.7167906125812,803879
2023-06-13,582.8140258789062,584.6143125295417,581.6462450858298,581.6462450858298,400863
2023-06-14,579.9918823242188,585.7334364612506,579.2620267676027,583.7871549769411,644399
2023-06-15,580.3811645507812,588.7015060481737,579.0673889064788,579.9918844941441,847451
2023-06-16,588.2149658203125,590.4045326105642,580.3811942943502,580.3811942943502,1405526
2023-06-19,601.6929321289062,604.2717789530863,587.3391056302503,588.7501716397866,2500627
2023-06-20,613.4192504882812,615.5115268675733,602.4227718479095,603.3472674433128,3041047
2023-06-21,618.9662475585938,622.5668807095412,616.046824905794,619.5014631657792,1580109
2023-06-22,624.5131225585938,636.434097628859,619.550128124396,620.7665541519741,3120722
2023-06-23,608.1643676757812,629.5248205657998,606.0234459914323,625.7295476073721,1538801
2023-06-26,599.3574829101562,608.9915418425762,597.2165611265724,608.1643958650984,946727
2023-06-27,600.2332153320312,603.8338480618419,595.318866320438,599.7466449468081,975533
2023-06-28,603.3472900390625,606.0234272126229,598.4815860871346,601.4010084582914,1156188
2023-06-30,615.2682495117188,616.4846754696304,603.5419151566101,605.3908469751566,1371193
2023-07-03,612.1542358398438,620.7178633850965,611.1324498331369,617.9444357389203,888170
2023-07-04,609.0888061523438,615.754796388911,607.5317453481772,613.8085149305502,625593
2023-07-05,609.916015625,612.5921529093538,608.2130191713203,609.1861600019944,569014
2023-07-06,611.0350952148438,614.3923832556594,607.2398225654906,608.3102536225916,624168
2023-07-07,605.8773803710938,613.7598557346361,604.5636641750675,609.6726528864061,711064
2023-07-10,601.9362182617188,606.9479170426326,600.427861930195,606.2667066167123,791576
2023-07-11,605.0989379882812,612.98141411133,603.9311571482962,606.2667188282663,608461
2023-07-12,603.7852172851562,607.2398552233727,601.4010104616095,606.3640047507881,523272
2023-07-13,599.1627807617188,607.6291172945706,597.7517147736104,604.3204149359577,802085
2023-07-14,602.082275390625,603.3473466576816,599.2601430753555,600.2819291219856,534996
2023-07-17,604.22314453125,608.2129980400726,600.9144420635918,600.9144420635918,711158
2023-07-18,604.0285034179688,609.1374925924149,601.4010113919506,607.2398561627463,701393
2023-07-19,603.6878051757812,606.6559318062218,602.8606593450057,605.1962207666455,501945
2023-07-20,611.375732421875,612.5435133084471,602.4228248192264,604.8070317551856,1166529
2023-07-21,621.6427001953125,628.634065485474,609.6645278360635,612.8424102987213,2019022
2023-07-24,612.7446899414062,625.7984301990234,611.1312794912338,621.642737498483,927514
2023-07-25,609.2244873046875,616.8025145402489,607.2688673729297,612.8423961145962,671845
2023-07-26,614.0157470703125,616.6069075324157,609.9578120572935,610.740048051876,651954
2023-07-27,616.2647094726562,621.2026376917349,613.9668800054042,613.9668800054042,705149
2023-07-28,612.8424072265625,619.3937460528957,610.6423347634436,616.0202896732898,646004
2023-07-31,625.7495727539062,627.1674093063403,613.0869202792843,613.0869202792843,1469797
2023-08-01,632.8875122070312,636.2609685883243,625.7983898223252,629.7096297587148,1987633
2023-08-02,627.0206298828125,645.1101139418098,619.9315077515838,633.6208470394737,2568000
2023-08-03,630.2474365234375,634.5498244842207,626.7762228882171,627.0695539580917,1008085
2023-08-04,643.8878784179688,650.243643352998,631.8119489137273,631.8119489137273,2593055
2023-08-07,641.0033569335938,650.1459165753856,638.558831844471,644.4745706239903,1110788
2023-08-08,629.3673706054688,644.5234241661988,626.3361240848544,641.3944205271823,1157301
2023-08-09,629.6607666015625,632.6430751898705,626.7762151417419,630.9807862400768,672748
2023-08-10,627.460693359375,634.5986944735363,625.505073345589,631.1763594494109,634420
2023-08-11,645.2078857421875,663.9329705664111,640.5632883781368,651.2214409384827,5254644
2023-08-14,641.2477416992188,646.6745748876069,633.6697147235034,645.3545553512467,1215416
2023-08-16,634.8432006835938,639.976703654081,633.9631477306222,639.976703654081,701542
2023-08-17,645.0123901367188,647.310219763565,635.5764997678508,636.0165262038473,1191732
2023-08-18,636.3587036132812,646.3323770408396,635.5764675893279,644.7679049929329,752476
2023-08-21,637.6788330078125,641.296682363238,636.0654225908779,636.6520847347881,566994
2023-08-22,649.1680908203125,652.2481565495511,637.6788231796453,639.2921738909264,1786271
2023-08-23,644.0345458984375,653.0792879142906,643.3989455601455,650.9280940932825,813337
2023-08-24,640.9544677734375,651.3681683532843,639.4877527442077,645.9902132461082,606670
2023-08-25,633.9630737304688,643.2033899349163,630.687434184923,639.4877239642474,698906
2023-08-28,640.6611328125,642.861205342982,634.7453941666948,635.3320563025086,731456
2023-08-29,637.434326171875,645.8434678154022,636.0653683783787,640.6610870499362,489634
2023-08-30,636.6031494140625,641.2966251892661,635.8209133983256,639.4877006728258,574588
2023-08-31,630.9807739257812,640.90556918582,628.7807014506699,636.8965124227013,710410
2023-09-01,631.4208374023438,634.9898679436776,630.7363584337714,630.9808109453481,793487
2023-09-04,643.985595703125,649.265793194793,632.643024393119,632.643024393119,2492988
2023-09-05,645.3546142578125,654.2037830171598,644.474561366055,645.3546142578125,1878186
2023-09-06,662.9552001953125,675.6667305825382,646.4791250657236,647.1635443419437,5680338
2023-09-07,661.0972900390625,671.559868546513,659.6305750991615,665.1063466832621,1684464
2023-09-08,659.190673828125,669.6043151271634,658.2617423377758,668.8220790176866,1578942
2023-09-11,663.9818115234375,669.7020353405044,660.9506246561509,662.6129134495066,1592447
2023-09-12,645.0123901367188,668.2353776282364,643.8390062009901,668.2353776282364,1594449
2023-09-13,644.6701049804688,652.1503751661637,640.0255075963432,645.4034624621728,890096
2023-09-14,646.1368408203125,651.2214647938997,644.7679426187071,648.2391562081029,847932
2023-09-15,652.6881713867188,656.4038374299917,643.9856385625815,647.8479999773567,1743786
2023-09-18,648.9725341796875,656.8927716154519,647.0169141036184,652.6882003880611,732801
2023-09-20,641.1011352539062,651.0747492740802,638.607672068078,645.3545847812873,1074642
2023-09-21,640.0254516601562,644.9145011108958,639.4876681567308,640.9055044336011,652802
2023-09-22,636.8475952148438,645.1589796164766,634.5986443129112,641.3944352598145,695541
2023-09-25,632.3008422851562,638.5099117352295,631.1763369450086,635.5764818191411,651991
2023-09-26,630.6386108398438,635.4298443307389,629.7096793456449,633.4742242085474,414742
2023-09-27,630.6386108398438,635.4298443307389,629.7096793456449,630.6874894067405,531459
2023-09-28,635.869873046875,637.5321620927841,628.7807500788188,631.6653017054272,923774
2023-09-29,635.33203125,638.3632183001563,632.4963584502141,635.8698148000877,873339
2023-10-03,631.0296630859375,635.1364770446014,630.1985484536972,633.718640600674,470219
2023-10-04,623.3049926757812,629.709636200985,619.9804148235238,628.7318262068841,694550
2023-10-05,623.5982666015625,627.7539586957321,622.3760042209244,624.9182861003395,396155
2023-10-06,630.0518188476562,631.6652291411505,623.8916280847583,623.8916280847583,626615
2023-10-09,621.2026977539062,625.0650592938348,616.1180736811386,625.0161807286788,718556
2023-10-10,621.3982543945312,626.727330825496,620.6160183314506,621.2515590223597,481417
2023-10-11,623.2071533203125,627.7539935006916,622.4737958512696,623.9405107893554,653919
2023-10-12,623.1583251953125,629.9052383288976,622.0827580259762,623.8428041579758,1325826
2023-10-13,620.567138671875,624.8205882879055,619.9315383013021,621.8871582959434,615655
2023-10-16,623.0116577148438,626.4828712360217,620.5671327448895,620.5671327448895,1139234
2023-10-17,634.7942504882812,637.3854111249168,625.065029258234,625.1627863838485,1103994
2023-10-18,622.4738159179688,636.554303649818,620.4204388107675,634.7942576035333,875559
2023-10-19,620.6160278320312,626.7762189841739,618.5625909941258,620.4204538930707,657460
2023-10-20,620.8604736328125,623.6472082703577,619.7359682565195,620.3715686310827,654219
2023-10-23,603.7488403320312,622.571684200556,601.4998891046773,620.8605165761446,1105408
2023-10-25,597.4908447265625,609.7623494438976,595.046319496783,606.2422569853317,1094888
2023-10-26,591.5750732421875,598.9086485303138,584.0948025759833,596.3174280561938,1084441
2023-10-27,593.1884155273438,599.153032204105,592.6505723233757,594.508435055236,617526
2023-10-30,590.7927856445312,595.6329568489045,589.2771921532666,593.1394937236814,465617
2023-10-31,588.8861083984375,596.0241098974121,586.8816097124006,593.0418011517681,536471
2023-11-01,586.68603515625,594.3618202438951,585.7082250976563,590.4505800095201,549716
2023-11-02,592.7973022460938,595.5351582625784,588.9349408767456,590.4016558513752,741948
2023-11-03,594.557373046875,596.7574456004673,593.5306844580227,594.5084944818416,418848
2023-11-06,597.8330688476562,600.2775938925341,595.9752059412342,596.3663538207295,580132
2023-11-07,597.2462768554688,600.2775233634359,596.610736226945,598.4196606753018,453744
2023-11-08,599.73974609375,601.8909400531002,597.4419164412905,598.4197264518327,744275
2023-11-09,601.1575927734375,603.504360710982,599.7886945438597,600.375356687852,393625
2023-11-10,596.7085571289062,605.8510568275138,594.6062417402833,600.6197971592472,671906
2023-11-13,592.11279296875,593.04172434122,584.9747923942866,591.5750094417775,1079051
2023-11-15,593.3350830078125,597.4418968536014,592.6506040867168,593.72623087152,840602
2023-11-16,595.7796630859375,599.2998151426958,590.841734173808,594.3618265497761,1367472
2023-11-17,601.0109252929688,605.0688008826851,595.241822565401,595.7796061157508,1177051
2023-11-20,598.4197387695312,602.1354049499165,596.4152401428171,601.0109592231197,502409
2023-11-21,597.3441772460938,602.0376535014472,596.46412433787,599.3975544575644,718571
2023-11-22,595.2418823242188,599.5442705205212,594.215193683062,597.4419549898935,600947
2023-11-23,603.9932250976562,614.0646557639982,594.5084565358454,595.730718987605,736051
2023-11-24,662.613037109375,666.8664871654596,606.780044677516,607.171192589226,18997036
2023-11-28,659.3372802734375,679.0890544854866,656.2082762935745,665.8886193011035,8034353
2023-11-29,665.7908935546875,676.6445613455737,657.1372387174443,661.9774104493546,3497491
2023-11-30,664.421875,683.4891694260486,661.9773500735836,666.8663999264165,4305902
2023-12-01,656.0127563476562,672.1466214331282,652.3459688282308,669.7998535483813,1616633
2023-12-04,703.0453491210938,711.5523075626098,664.9107613384475,664.9107613384475,13408726
2023-12-05,698.2052001953125,710.7700941732243,687.0092640537003,704.023181478409,5078973
2023-12-06,729.4462280273438,734.1397038854649,698.156309398825,703.9742905799719,9601936
2023-12-07,768.0208740234375,782.2479975425862,720.548210608729,731.3041205749396,15595341
2023-12-08,755.309326171875,785.5725567960965,752.9136797999909,772.4698792753153,6927164
2023-12-11,753.8425903320312,766.2607885910721,750.9580390531576,757.8027086799441,2160731
2023-12-12,774.1810302734375,781.2701524325564,752.9136637960806,752.9136637960806,5822501
2023-12-13,787.1859130859375,792.7594419125062,777.847839705703,777.847839705703,5973611
2023-12-14,797.1596069335938,801.8042044594257,789.2882483259725,793.0039144104808,4007659
2023-12-15,778.4834594726562,800.7286370898236,774.4255240789682,797.8929642025734,2964146
2023-12-18,783.8613891601562,792.9061314153954,775.8433354409764,780.2923588844237,2171792
2023-12-19,776.4299926757812,788.7993126356725,774.4254941787733,785.4258563119945,1396214
2023-12-20,744.3578491210938,791.537180773104,738.3442938568654,780.2923659752155,2897254
2023-12-21,747.5357666015625,751.7892163521601,729.7396121511492,736.1442559000673,2869747
2023-12-22,775.207763671875,802.782017878651,771.3454021978118,789.0926777443013,10836454
2023-12-26,763.9630126953125,780.87911534526,762.6918715122838,777.3590228875199,1907597
2023-12-27,803.1731567382812,807.6221802958423,766.6519174813754,767.580848916221,10656808
2023-12-28,808.5511474609375,818.1825525006403,788.7015558671724,803.7598543836585,7403621
2023-12-29,814.0267944335938,825.1738518873403,804.3464519247726,809.1866231791832,4195993
2024-01-01,839.6943359375,844.8278384279475,812.5601084879912,813.0490134870814,6424762
2024-01-02,819.1113891601562,837.8853517262527,817.4491003453073,834.8541051389913,3672560
2024-01-03,820.1381225585938,834.3652458632446,817.5469022334865,819.1114340134553,3684845
2024-01-04,816.7158203125,827.1295209119363,814.5157477645166,818.4269878498204,2024609
2024-01-05,825.662841796875,841.8455864176229,818.0358755541241,818.0358755541241,4193233
2024-01-08,805.5687255859375,830.0629132515814,801.1197021272592,826.2494304694088,2265484
2024-01-09,813.9779052734375,819.2580431979502,810.1155440325992,810.7022061306174,1408365
2024-01-10,819.991455078125,832.0674445773174,816.4713628948452,816.4713628948452,2639631
2024-01-11,815.4935302734375,831.1384900868368,812.5601003084251,822.3382001917997,1576154
2024-01-12,810.8978271484375,819.4047861484269,808.6488760677196,811.5823060897307,1800261
2024-01-15,810.8978271484375,810.8978271484375,810.8978271484375,810.8978271484375,0
2024-01-16,872.7442626953125,880.0289587903447,831.1384610797701,837.005320805039,12525303
2024-01-17,867.8063354492188,898.0695655061115,854.6059010508363,862.4283806943222,9015612
2024-01-18,881.202392578125,886.8736786975862,847.8101568783324,870.2509085345664,4546830
2024-01-19,881.8868408203125,894.6961276276957,878.0733580433559,888.8292677743993,3328849
2024-01-23,855.828125,928.9682944405934,849.9123869718602,923.0036778530371,5296256
2024-01-24,887.0692138671875,903.4964093741979,846.7834312965967,858.7127248283869,3503761
2024-01-25,883.4513549804688,903.39870330392,879.1489670108499,894.6961702347858,2629355
2024-01-29,895.2828369140625,911.2211880999531,883.5491165892083,889.807124634779,3792964
2024-01-30,912.198974609375,933.8085517782107,897.1895552723215,902.0297267176957,9707445
2024-01-31,928.675048828125,950.333564231414,915.9635188099459,917.3324766842181,7726332
2024-02-01,916.2080078125,942.6088789020812,905.4520973685966,935.6664514878771,3463799
2024-02-02,924.470458984375,933.9552277414826,916.2079527041941,921.9281172238967,4534536
2024-02-05,976.6854858398438,1005.1886709556975,933.8085415979485,935.2752565847517,17219410
2024-02-06,1003.0863037109375,1010.0776686586712,968.2762936972402,991.5481583477984,7368232
2024-02-07,1021.2736206054688,1026.7005139236949,991.5971105753224,1008.171061917035,7354236
2024-02-08,1080.7244873046875,1119.5924342581925,1047.2344952755668,1050.0701681080109,22872046
2024-02-09,1056.8658447265625,1148.9266740099724,1043.3232009945878,1126.4370454974367,21551992
2024-02-12,999.7618408203125,1100.0362438208956,987.6858515796738,1087.3736521366525,11741691
2024-02-13,989.0059204101562,1020.1492042139774,958.2049059092606,1006.8998311840434,8474155
2024-02-14,1046.74560546875,1054.568085472253,968.0319004335007,977.8100004378795,9358003
2024-02-15,1032.6650390625,1062.7816325304395,1025.7715507005626,1057.990340020327,5013229
2024-02-16,1016.775634765625,1043.8610415215458,1007.2419879206763,1038.4341486497956,5404201
2024-02-19,1028.8515625,1067.768445530442,1026.7004283946558,1056.0347263487888,6832181
2024-02-20,1019.0247192382812,1032.958511791143,1013.0601020879673,1031.5895539136352,3173173
2024-02-21,1020.3990478515625,1035.3189795284027,1008.7672573677695,1024.7670202679806,3929842
2024-02-22,1044.7911376953125,1050.2879478506095,1013.0371288437502,1022.2638616873141,5132257
2024-02-23,1046.8524169921875,1062.066868434643,1028.7423598166927,1042.4844449905236,4331573
2024-02-26,1021.969482421875,1055.8829146251412,1017.3069890946181,1046.8524491619926,2958776
2024-02-27,1021.0369262695312,1048.3248302668671,1017.9940598088951,1024.7669689125555,3772686
2024-02-28,988.3995361328125,1033.5030370019192,985.3075428541766,1026.9263954563085,3573062
2024-02-29,1003.9574584960938,1008.080095992524,978.7309046765483,993.3564334415134,3013025
2024-03-01,1010.7303466796875,1021.7730940229361,1006.2151139525213,1008.2764028256322,2087742
2024-03-04,1017.7977294921875,1029.6747932286237,1002.3869508239684,1017.8958632774859,2450117
2024-03-05,1008.3255004882812,1026.5828182704768,1005.0372397831813,1018.2885362120854,2024712
2024-03-06,991.687744140625,1015.8835937612685,979.8597471538726,1011.0248330262848,2542290
2024-03-07,1005.920654296875,1014.9511192279554,988.4485271397979,993.3564145635307,1822489
2024-03-11,993.25830078125,1025.748492216344,987.5160364334056,1015.9327171712115,2777683
2024-03-12,968.0808715820312,1000.1294029807032,962.4858674903597,998.1662478545546,2878325
2024-03-13,892.9901733398438,976.6205923223265,883.4197922570589,972.2034933610412,6431249
2024-03-14,940.842041015625,944.6210904555141,884.450401222995,893.2355318979852,4958488
2024-03-15,908.1065063476562,951.8357747959019,902.0207134750831,939.369727764012,3560100
2024-03-18,887.73876953125,916.7934413528694,885.3829594221502,899.6158340470073,3765432
2024-03-19,863.3464965820312,901.8243473859806,859.5183801967128,888.327656472721,4240551
2024-03-20,850.9295654296875,878.3155419493714,849.0645442006746,869.57953807687,4003650
2024-03-21,885.1865844726562,892.7938101574254,861.3342630173987,865.7513618021032,6292495
2024-03-22,889.6527709960938,892.2539754167744,872.1316360371883,888.3276652939284,4895634
2024-03-26,880.916748046875,901.0881538887069,875.7634661210409,892.3520900882363,3883441
2024-03-27,876.0579223632812,896.1802611962754,872.5733342060564,884.3522642546383,7788410
2024-03-28,899.2722778320312,910.903947595109,885.1375374395361,886.0209811805937,4191452
2024-04-01,952.7191162109375,966.3140007988665,906.9776277786058,907.9592052978467,4863536
2024-04-02,980.0070190429688,983.3443466614979,943.5904571375733,954.7313979259055,5922613
2024-04-03,979.3689575195312,997.2827470206402,971.7617318409782,976.6696193755286,4112423
2024-04-04,988.0068359375,997.6262836042648,973.675828179946,985.3074977707134,3198816
2024-04-05,974.4610595703125,992.9637714135229,971.8107883478331,987.4669613978689,2430940
2024-04-08,978.3383178710938,988.4485542592245,974.7555359891762,979.6143566541272,1512582
2024-04-09,961.2098388671875,996.203103327389,956.3510178961269,978.9273020870336,3349559
2024-04-10,958.9522094726562,971.565457157629,956.0565436877579,964.6944142358484,2414938
2024-04-12,953.0626831054688,963.860035577127,950.1670175059223,958.0196374853101,1850855
2024-04-15,943.8358154296875,956.0564670574872,914.8792797231209,938.4371392810057,2950660
2024-04-16,957.9215698242188,966.1667854252933,927.0018765210242,937.3575078515335,2226633
2024-04-18,943.3450927734375,967.8354646366029,940.3512932270442,961.9950662299237,1943056
2024-04-19,955.369384765625,959.001233558588,931.1735349319043,935.2961125723485,2273800
2024-04-22,956.6454467773438,965.6759721299235,954.0933691369519,960.5717569384011,1310535
2024-04-23,967.93359375,990.1172822269606,959.0012620493528,961.4061390182159,4958541
2024-04-24,972.4979248046875,991.3932920037691,970.2403084981134,973.6758298070374,2492259
2024-04-25,966.3630981445312,976.8659899135216,961.4061434983095,976.6696624213394,1754417
2024-04-26,969.84765625,986.976195949015,963.9091242386203,970.7801668757592,3359199
2024-04-29,962.142333984375,975.6880922977084,959.590196388058,975.6880922977084,2000595
2024-04-30,960.2282104492188,972.7433238488892,957.5779391589058,967.0011193121588,1883464
2024-05-02,980.7432250976562,991.1969899739828,962.633107464795,964.7925900394397,4961650
2024-05-03,961.1116333007812,985.5038102168542,952.6700308524821,985.3074827346637,2207262
2024-05-06,916.7933959960938,966.7557153096403,912.5235577841754,964.6943665884746,3714064
2024-05-07,904.6709594726562,928.5723484955346,895.4441066755301,920.7197282122743,2154627
2024-05-08,912.7198486328125,919.6890850905631,903.6402564173763,905.9960664700011,1315309
2024-05-09,885.5302124023438,916.9897609582875,882.1437578661735,914.7812114665339,1510223
2024-05-10,894.1680297851562,917.6768227392361,885.5301598235453,903.0512941201695,2853402
2024-05-13,875.272705078125,895.8367665392013,872.2297787553248,894.1190058428708,2065788
2024-05-14,913.8486938476562,919.1001097459654,879.4934797932331,880.1315291613964,1922026
2024-05-15,971.7617797851562,980.9395059632758,915.3701372488091,916.7934366861979,7637335
2024-05-16,955.565673828125,982.5099875530373,949.381747705375,981.577476967771,2292001
2024-05-17,952.5228271484375,960.964369659188,947.4186121813794,956.7435984038128,1524382
2024-05-21,1004.8408813476562,1014.7548498725789,957.0380459425335,959.0502678005734,6323927
2024-05-22,1036.0059814453125,1047.0978557341532,1012.0064581784973,1012.0064581784973,7658810
2024-05-23,1012.2026977539062,1039.4906009287856,1009.5524863600151,1036.545868348251,2389235
2024-05-24,1010.7794189453125,1032.914039243133,994.6815241670314,1013.9695457834503,3747892
2024-05-27,1016.9634399414062,1034.5827085386886,1005.1845096734136,1015.932735614367,3168271
2024-05-28,997.2827758789062,1042.8770044656455,993.0129375645862,1035.269778566963,6525071
2024-05-29,979.9088134765625,1005.5280223614722,974.7064646704385,991.3932822931953,2716582
2024-05-30,975.0009155273438,989.4301167115341,970.7801442735191,978.1419754990513,1863884
2024-05-31,994.0435791015625,999.2459280414381,974.4610953468936,979.5653104978187,3432527
2024-06-03,1047.981201171875,1058.9258138364585,1013.2333350559883,1038.8524828475304,8680378
2024-06-04,910.7567138671875,1032.6195917429761,863.8373185439036,1032.6195917429761,11529105
2024-06-05,924.05712890625,930.5355167675511,884.4013719489068,928.5723616688855,3835996
2024-06-06,962.731201171875,975.5407755800826,936.8175910872542,937.2101861412831,3548002
2024-06-07,975.8843994140625,979.368987688788,958.4613981296967,964.8907190158643,2201013
2024-06-10,979.0254516601562,989.3810826118279,973.7249090377925,982.5591068012401,2211500
2024-06-11,988.1541137695312,1002.1415936051031,973.8230458512041,980.5959547885132,2965921
2024-06-12,980.0560913085938,998.0680149186793,977.7002812855242,991.3932997342989,2320470
2024-06-13,983.8351440429688,994.7797574412458,977.160428836679,985.5038378222257,1570380
2024-06-14,1047.1959228515625,1051.9565497210847,983.9823683448557,987.2706289771149,12499063
2024-06-18,1037.03662109375,1065.011579637216,1032.030599845003,1047.1959241794514,4276266
2024-06-19,1012.4971923828125,1044.2512005790454,1004.5955054811191,1041.45372866521,3184916
2024-06-20,1008.4727783203125,1021.8222087644676,1006.1169682839378,1014.4112504841273,1930583
2024-06-21,1005.0863037109375,1026.5338082586532,996.3502399044764,1012.3990681452353,2488419
2024-06-24,996.742919921875,1009.3562271933714,986.4854226987306,999.9821138053053,1521674
2024-06-25,989.0866088867188,1004.3991941863447,987.2215876402797,1004.1537998071152,1268764
2024-06-26,982.9517822265625,1004.9390833932355,980.7922996350907,989.4301700902387,1850138
2024-06-27,973.4795532226562,998.6570418102558,969.8477042383163,985.0621565447959,2516238
2024-06-28,970.5347900390625,995.3196228567479,967.0502017636743,979.6143822594026,2730672
2024-07-01,977.9947509765625,987.5651319226893,971.859891395712,976.6696452713941,1804287
2024-07-02,967.2955932617188,981.2830731269923,964.1054662749019,979.6143793363559,1535205
2024-07-03,969.9949340820312,975.0991492567708,967.2955958551797,967.2955958551797,1128509
2024-07-04,991.5896606445312,1005.6262077357075,972.7433595569411,972.7433595569411,3904568
2024-07-05,996.939208984375,1005.3316246924584,985.3074796962429,991.5895996425473,2331848
2024-07-08,994.6815185546875,1007.4911526379829,980.6940394202369,998.264300332367,2355243
2024-07-09,1013.33154296875,1022.8037901334171,989.6264814759204,995.8104079561916,6941750
2024-07-10,1030.1656494140625,1042.4353689163738,997.2828011478681,1013.9204928644104,7415472
2024-07-11,1037.8709716796875,1043.3187748698506,1020.0553156437622,1033.5520066071185,3411317
2024-07-12,1032.1778564453125,1046.3124764291713,1026.3373984931134,1045.380025743247,2662257
2024-07-15,1040.7667236328125,1047.3432452856778,1019.4664189164024,1035.5643146920243,2971983
2024-07-16,1088.029541015625,1097.207386574304,1038.705271229485,1045.3800462137112,14185936
2024-07-18,1089.20751953125,1109.1825981081054,1068.250863433945,1088.5694701786629,7475945
2024-07-19,1093.747314453125,1104.060516375439,1049.4348568652517,1091.526758209029,5579511
2024-07-22,1108.9949951171875,1131.3980107870966,1075.7360480590091,1085.6051861145963,6769614
2024-07-23,1072.429931640625,1128.7332930526618,1030.8314898374347,1115.6566848761697,6560323
2024-07-24,1145.3629150390625,1154.6892027180168,1073.9103283147558,1075.7360948398618,7850480
2024-07-25,1145.7083740234375,1157.6500081544943,1115.212710327859,1125.0818493573092,5527885
2024-07-26,1168.8514404296875,1181.3359252210453,1135.9872802072703,1149.7546807706917,7729718
2024-07-29,1158.2420654296875,1181.3358735178458,1150.050752792616,1179.0166500746052,3020820
2024-07-30,1172.5523681640625,1176.8454194893363,1148.5704329300058,1158.242116764559,3011688
2024-07-31,1160.7093505859375,1177.8816756068304,1153.5542251999723,1172.5523167420179,3126309
2024-08-01,1163.719482421875,1206.0087165127075,1160.660073602221,1167.6671377950754,6938545
2024-08-02,1164.1142578125,1175.4143729908928,1144.8200442228679,1156.7124040783006,3057586
2024-08-05,1093.1551513671875,1138.8985842753516,1072.7753562455,1138.8985842753516,5878903
2024-08-06,1065.4228515625,1122.0223344601543,1062.1165939213565,1105.3434669798999,3343418
2024-08-07,1108.84716796875,1113.0415520718725,1070.5548602028525,1100.4090058780187,2488460
2024-08-08,1110.8702392578125,1133.3719239114607,1104.2579644508216,1111.2650289043984,2615890
2024-08-09,1118.617431640625,1144.820041997919,1114.1763194087366,1139.885472851376,3598457
2024-08-12,1060.2908935546875,1115.5087969385963,1057.0834234729077,1110.278105231463,5939943
2024-08-13,1015.1395874023438,1075.6374561094458,1006.750819467555,1071.7884679036126,3776212
2024-08-14,1013.8566284179688,1030.3380412332178,990.6147594711134,1028.8576704843194,3380840
2024-08-16,1043.464111328125,1051.063300144711,1023.7258333911352,1026.3904527234738,2611128
2024-08-19,1058.3170166015625,1060.9323623335185,1042.8225177315176,1045.7832592077973,1779464
2024-08-20,1053.974609375,1067.8407973073777,1051.6061124875603,1060.8830064000938,1145286
2024-08-21,1069.962646484375,1072.5285983324395,1051.0632226584294,1055.899124491058,1381891
2024-08-22,1061.4259033203125,1077.7099827296897,1058.4651616095166,1077.7099827296897,1019258
2024-08-23,1047.4610595703125,1066.163150542933,1045.1418359646857,1066.163150542933,922493
2024-08-26,1038.28271484375,1059.6986961839991,1035.9633710279334,1051.0632004060153,1156208
2024-08-27,1065.028076171875,1075.736067056717,1031.3249450222654,1048.0038127253354,3116822
2024-08-28,1070.30810546875,1080.6707012340075,1058.9585958210869,1066.3110560558534,1481538
2024-08-29,1054.8629150390625,1073.7623406253458,1047.1156648929154,1073.7623406253458,1520168
2024-08-30,1050.3231201171875,1064.3866432195318,1047.115649935951,1055.9978750532212,933547
2024-09-02,1044.7469482421875,1056.2445183671084,1041.9342679430736,1051.556677710959,857165
2024-09-03,1048.398681640625,1054.8136219752146,1040.6513111659256,1050.0763870774394,857613
2024-09-04,1050.8165283203125,1055.899158773987,1036.8516731614181,1041.292785514028,978470
2024-09-05,1055.3070068359375,1065.8175427494025,1044.4509547035943,1050.0763153466567,1019982
2024-09-06,1025.3048095703125,1057.9716334873322,1021.4558215106239,1051.063236626874,1370284
2024-09-09,1015.8305053710938,1031.2263378120633,1006.6521580934404,1025.3048545291608,1433956
2024-09-10,1018.6431884765625,1031.3250077790772,1016.5212995334446,1020.4689550656133,749982
2024-09-11,1000.4345703125,1023.2815895359704,991.7003466983589,1019.4819953516464,973759
2024-09-12,1018.100341796875,1021.3572058133288,1005.6159172674277,1006.5534975074237,836623
2024-09-13,1020.6170043945312,1032.3119096782402,1015.2382515106605,1021.4558570908018,870819
2024-09-16,1014.6954956054688,1028.018832536264,1012.6230006219214,1025.403486747865,927727
2024-09-17,1007.83642578125,1016.4718616476025,1006.6521171255788,1016.4718616476025,502810
2024-09-18,1005.2704467773438,1020.9130075672356,1002.7044948025441,1007.6390641667299,708747
2024-09-19,987.4566650390625,1016.0772276347117,978.0316495853019,1009.6128935678748,1381614
2024-09-20,997.12841796875,1011.043879629696,989.3811680788692,994.8091944374067,1547836
2024-09-23,1019.333984375,1023.873764161877,998.9049150976105,999.6944341601398,1343379
2024-09-24,1014.7448120117188,1029.7952488120136,1011.8334642296688,1019.3339856880253,922727
2024-09-25,1005.6652221679688,1018.9391653803456,999.8424063061781,1013.5111391566716,979782
2024-09-26,1014.5968627929688,1035.1739931018637,997.2764760052083,1010.5998133887515,2653652
2024-09-27,1010.8464965820312,1019.6793272255949,1007.0469024077854,1019.6793272255949,1196872
2024-09-30,993.77294921875,1008.6259911507359,989.9732946170697,1008.6259911507359,1434359
2024-10-01,986.9631958007812,999.1516181402601,985.926948292807,995.1545688093792,1146284
2024-10-03,954.6911010742188,981.8312323009122,951.6316921941501,977.044724160963,1963460
2024-10-04,958.44140625,969.9389164213834,943.1935752722671,960.2671727716904,1345161
2024-10-07,918.8168334960938,964.2148725302724,912.0564974301467,958.2933891779882,3406517
2024-10-08,951.7797241210938,954.7897992628153,911.0201346512541,918.8167780222813,3021144
2024-10-09,958.2440185546875,964.4615637873792,951.3849552223419,958.2933522000975,857896
2024-10-10,952.5199584960938,966.386086508217,949.4604893162083,961.2541222681211,600669
2024-10-11,936.4331665039062,959.1815785475085,934.8541284654185,954.7897999426368,957899
2024-10-14,946.94384765625,953.3094540937237,942.2560068262686,945.7595389782296,655775
2024-10-15,935.4462890625,952.3718860543116,930.9558429941956,950.3980583111938,1201370
2024-10-16,930.6104125976562,942.5027122600367,928.9326470311619,935.4462542464457,976566
2024-10-17,920.8892822265625,937.4694829676334,918.816787252149,930.6104197158314,731896
2024-10-18,922.665771484375,929.623501996824,913.1913624952094,917.8298695823222,707640
2024-10-21,914.1782836914062,940.430228142295,910.0332334900615,932.6335846627078,767516
2024-10-22,903.5196533203125,921.0867082627581,897.351441596389,913.8822490165039,1397403
2024-10-23,897.548828125,912.7966594129291,883.4359718783621,907.8126961968994,1053255
2024-10-24,900.460205078125,911.9083814432258,894.1439324540721,894.1439324540721,911588
2024-10-25,891.82470703125,905.986896404434,876.6755435911202,898.1902530488613,1268810
2024-10-28,903.4209594726562,911.5629987089127,884.9163248448007,897.4500825102489,1060660
2024-10-29,922.17236328125,924.8863764798409,903.8157287780053,908.0594464594225,1053721
2024-10-30,922.7151489257812,935.051572489588,917.8792467941917,925.5771630507185,683462
2024-10-31,910.9708251953125,927.2055702176734,907.9607499736663,920.7906301363378,634496
2024-11-01,918.17529296875,919.8037249454727,913.1913899828038,914.7704883134166,153297
2024-11-04,911.6616821289062,924.1461666066285,899.3252588254028,921.7775492377791,614860
2024-11-05,916.49755859375,918.1752639270751,903.8156796496305,912.8952989950313,834576
2024-11-06,932.8803100585938,935.3969283108554,912.0564520666994,917.8298739534432,1026191
2024-11-07,917.5338134765625,941.5158078557898,915.0171952198336,932.6335832533767,816992
2024-11-08,902.6807861328125,922.6163979154214,899.9667730178448,918.8168036490433,717691
2024-11-11,906.4310302734375,921.4814663646224,897.104682418825,907.960734681319,1238920
2024-11-12,909.095703125,945.4634538469805,905.9869004504469,918.3233233868636,2255309
2024-11-13,886.1499633789062,912.796637129521,878.4026535725113,909.9345628913602,1326985
2024-11-14,896.75927734375,912.4018374829267,883.8800036498363,893.1570177631678,1221663
2024-11-18,889.9495849609375,904.9506878775426,888.2224856832202,896.7593147790858,667386
2024-11-19,884.9163208007812,904.6545976469577,882.3009750240866,898.0915965010278,778486
2024-11-21,870.40869140625,887.1862270365039,860.5888864459602,882.3009913792298,1648142
2024-11-22,877.85986328125,883.2878894173342,867.4972679305439,872.4318371451659,947168
2024-11-25,893.2063598632812,899.8186946461097,890.7884089052359,894.0946064148703,1116286
2024-11-26,895.3282470703125,907.7633373510561,888.2224553799845,893.2063582212174,873562
2024-11-27,904.3091430664062,905.4934517263065,894.1439425221075,898.091597897481,779480
2024-11-28,926.3173217773438,940.035448479655,905.2467350319827,907.9607481378295,2788917
2024-11-29,972.6036376953125,979.1666391523189,932.6336251872859,934.6074529654601,7397971
2024-12-02,970.9258422851562,986.8645252000917,961.5994942717757,972.1101509630595,1979567
2024-12-03,957.0596923828125,981.9792667397767,953.5561603125867,977.0446975601798,1659133
2024-12-04,958.6387329101562,969.1493893845135,954.9378060158672,957.3064233227883,1044244
2024-12-05,964.1161499023438,968.1624725329308,953.6054934606976,965.2017310267139,1211446
2024-12-06,970.383056640625,979.9561331673582,962.4384120838381,965.1030915635492,1330397
2024-12-09,973.4424438476562,994.6117578033551,969.0013315591785,974.7254800312578,2050254
2024-12-10,935.791748046875,966.1886833406404,933.1270685378707,966.1886833406404,3666785
2024-12-11,926.5147094726562,939.5419843278517,924.8863377635324,935.7917237486212,1218352
2024-12-12,916.3495483398438,931.6467136594642,914.4250542039576,926.7121442015222,1226052
2024-12-13,919.705078125,921.7775731992862,901.5951721028267,916.744336455195,1275193
2024-12-16,911.8097534179688,924.2448441512678,910.9215068356863,922.7644733384254,709525
2024-12-17,908.0100708007812,922.5670500106166,905.9869094663635,919.2115790803834,1020033
2024-12-18,894.5880737304688,912.4018567224892,893.1570365969202,907.9607443858195,1200629
2024-12-19,893.2063598632812,896.1177677418893,878.8961091669626,883.2878878072588,1432458
2024-12-20,889.9002685546875,902.9275439777084,883.6333291979805,893.8479241230913,1401586
2024-12-23,892.9596557617188,895.0322110264829,880.9192945242557,890.6897659124988,1947520
2024-12-24,878.994873046875,892.9596683344989,878.353354929035,892.8610010408819,980630
2024-12-26,880.228515625,883.2879245652298,873.5668469201785,878.9948732722553,766954
2024-12-27,875.392578125,888.1237907853175,873.9122073615417,881.3140611788332,592236
2024-12-30,893.5518188476562,916.7442941919211,866.9544786927963,880.0804207765177,3192145
2024-12-31,880.3271484375,891.1832007164378,871.5435911354195,891.1832007164378,1282443
2025-01-01,884.6696166992188,886.5447169093713,878.3533438399501,884.2748270568486,524731
2025-01-02,890.5416870117188,892.6635758803611,884.3241418140691,886.2486358657428,601073
2025-01-03,896.5125732421875,905.8882548988391,890.5416962085351,892.1701281697933,889032
2025-01-06,864.3884887695312,897.9929542253665,860.6875617577822,896.5125834206668,1060694
2025-01-07,864.9313354492188,873.4187705943156,849.8808990067744,866.4117062468363,1323119
2025-01-08,857.5294799804688,867.3492247318891,856.147776477168,865.5234581792236,762531
2025-01-09,832.0670776367188,862.4640736770466,828.7116065482606,860.5889131890526,1486683
2025-01-10,828.51416015625,840.8505830293329,824.9119005827339,833.9421862204065,1098164
2025-01-13,798.3639526367188,825.8988122763558,796.9329155398547,819.1384766539683,1715367
2025-01-14,814.5986938476562,816.9179172378391,796.2913942362613,804.3347659907446,879737
2025-01-15,825.1093139648438,827.0338080236428,807.7889879085342,822.0992387633586,984158
2025-01-16,833.3007202148438,844.7982911456913,826.2443220323037,826.2443220323037,1504145
2025-01-17,843.7127075195312,847.7096967213607,833.498112629919,834.830482521491,772593
2025-01-20,847.759033203125,853.6805165549513,843.8113776352409,848.6472798004764,648046
2025-01-21,826.5897216796875,852.4962114538301,824.5665602398527,848.7459506957192,822668
2025-01-22,817.7074584960938,832.412498957934,807.9863811666737,830.6853997201681,925304
2025-01-23,826.2936401367188,829.8958998676038,813.7104882564641,817.6581437483087,713322
2025-01-24,810.5029907226562,828.9089579246632,809.2693484232307,828.5141682942708,529524
2025-01-27,798.462646484375,810.2562791601206,796.8836084027565,809.8614895214952,711008
2025-01-28,807.9370727539062,815.1415320377275,794.4656741840346,805.4697880514714,1267694
2025-01-29,817.362060546875,824.6158532314244,809.516083411961,813.6117999736628,939222
2025-01-30,814.1052856445312,825.7015237621358,809.3680508201002,819.1385223499356,759283
2025-01-31,834.3863525390625,835.3732664198263,813.4144325728313,816.1777793916814,885919
2025-02-01,837.100341796875,858.02292751864,813.4144093352031,834.9291192739335,1890501
2025-02-03,819.2865600585938,832.955292843017,809.3680276359427,832.955292843017,948970
2025-02-04,823.57958984375,828.4648253418786,819.7306018182087,824.0730467579764,587330
2025-02-05,831.6229858398438,837.6924699195814,822.9380957075845,826.0468984522502,839048
2025-02-06,817.9542236328125,832.9553268750066,815.9803958440092,831.6230172121418,614796
2025-02-07,805.4203491210938,825.0106247046081,798.5613462211033,823.4809203219435,1360842
2025-02-10,798.3146362304688,814.00653028141,795.7979577273754,803.3478727637735,1907216
2025-02-11,789.3336791992188,803.4959289812273,779.8593304056149,803.3478678102733,1442861
2025-02-12,772.1614379882812,790.8140740378665,765.6477702874964,790.8140740378665,1636244
2025-02-13,774.5299682617188,783.4615264511744,769.7927938850985,769.7927938850985,911513
2025-02-14,749.166259765625,778.0334891200064,745.1692708253831,775.7142657279908,1539217
2025-02-17,755.1371459960938,759.5782582597765,735.2014744540522,749.1662690968793,1487219
2025-02-18,749.018310546875,762.6870438595303,746.1069025175403,755.1371887259213,886367
2025-02-19,754.002197265625,761.7494470565653,736.3858087670194,744.1823922042096,855159
2025-02-20,766.338623046875,768.3124507945811,752.0283718760062,753.4594090403815,1003547
2025-02-21,770.6810302734375,775.4182045876024,764.0686955966216,766.3385853475299,965646
2025-02-24,765.2530517578125,769.7928315415571,760.9599402092724,764.8582621085984,614436
2025-02-25,746.649658203125,767.9670334202772,744.2317072329454,760.959908971258,1068103
2025-02-27,731.40185546875,749.0676380900896,729.7241500548042,747.0938103217363,1197719
2025-02-28,730.8096923828125,733.2769769620928,718.0291462148527,729.2799879909468,1658144
2025-03-03,719.6575927734375,738.4089559574704,705.9394661389632,731.3031641772855,1583826
2025-03-04,723.605224609375,728.8358558061939,713.7360864129472,718.0291374338176,840575
2025-03-05,751.8309936523438,753.0153023744023,726.0725650706803,726.0725650706803,1126619
2025-03-06,756.7655639648438,759.9237004816667,750.10389516192,757.9498726882078,856309
2025-03-07,753.163330078125,762.1442220347185,748.5741565727859,754.9890966093359,760968
2025-03-10,742.2085571289062,758.0979064331099,738.2115680390846,754.0021898153217,773461
2025-03-11,744.3797607421875,751.0414291346433,732.8821904591507,735.3494750489491,1243675
2025-03-12,734.7573852539062,751.6829824272,721.8288374924376,750.0545504270904,1083297
2025-03-13,730.4642944335938,742.0605319212428,724.9868744949566,735.2508024083879,1311951
2025-03-17,735.6456298828125,739.0504345779747,728.0463809632816,731.9447028346426,987390
2025-03-18,735.6456298828125,735.6456298828125,735.6456298828125,735.6456298828125,0
2025-03-19,766.5853271484375,770.5329825183683,750.2519151026369,752.423137603387,1463331
2025-03-20,769.2993774414062,772.3094527593469,759.9236954841344,764.8582649353301,1227224
2025-03-21,780.9942626953125,783.5602748852647,769.2993574938,774.3325941089325,1421811
2025-03-24,790.0738525390625,797.3770389569648,778.6750098789963,784.3990980310723,1521477
2025-03-25,779.06982421875,795.7486322903364,775.2701697205662,795.7486322903364,1205481
2025-03-26,776.5531616210938,787.9026712299521,774.7767286861263,782.6720397183756,1205126
2025-03-27,790.6660766601562,795.4032512225099,769.8421577134055,770.7797379438524,1980683
2025-03-28,788.93896484375,804.7789202708477,784.1030628286442,788.5441752046403,1786482
2025-04-01,787.310546875,795.4525863757443,781.7344593647616,784.5965337080853,726877
2025-04-02,800.3378295898438,801.7688667748557,776.7012299229186,787.557282691854,1410244
2025-04-03,804.630859375,808.2824527104798,793.1826826741658,797.4264002320729,865788
2025-04-04,781.7838134765625,807.098117040118,776.2077262499937,804.6801661125853,1130431
2025-04-07,757.1603393554688,762.7857605081492,733.079616634302,735.2508392134962,1187822
2025-04-08,774.5299682617188,775.7142769149839,761.0092366295257,772.7535354000412,594843
2025-04-09,757.65380859375,771.766665232946,756.9629568205494,770.8290849862055,524963
2025-04-11,760.9598999023438,781.6357567785597,757.9498247549669,780.6488429442433,776497
2025-04-15,774.0364990234375,777.0465741351012,767.3254970769973,768.8058678109079,673645
2025-04-16,787.2118530273438,788.9389522571216,773.2469980177061,773.7404549404998,1072958
2025-04-17,792.689208984375,796.1927410719558,781.9811576697426,789.4817390017486,957520
2025-04-21,806.8020629882812,815.0921633264068,792.2450838701441,793.4787261682914,1216066
2025-04-22,810.6510620117188,816.572545122874,803.00247965981,809.2693585245395,793714
2025-04-23,809.910888671875,816.1284339837982,798.4626516781282,812.2301121636708,942633
2025-04-24,804.4334716796875,813.7104861561538,802.1635818250243,805.8151751928436,535849
2025-04-25,780.8462524414062,818.1515840327652,777.3920539563463,808.2824455040225,1202841
2025-04-28,793.1826782226562,796.4394819006121,776.8985995964356,779.6619463463242,874157
2025-04-29,789.9259033203125,803.5453029838123,787.7053470631188,794.4656831293313,670267
2025-04-30,785.3367309570312,798.1666115758705,779.6619760679292,789.4817813580988,798645
2025-05-02,781.8331909179688,795.5512577631042,781.0436718580919,783.3628953908134,584300
2025-05-05,806.7527465820312,810.0588839171339,782.8200854865911,782.8200854865911,1165457
2025-05-06,774.0858764648438,808.9733182097891,772.112048707951,806.7527619832847,1273946
2025-05-07,775.6649780273438,780.2047577924372,764.0194062606943,764.8582589662735,1513760
2025-05-08,771.6185913085938,787.4092133543196,767.818996973418,777.6881357519967,1013336
2025-05-09,776.65185546875,779.0698064148023,750.0545155350544,750.0545155350544,1109279
2025-05-12,804.7789306640625,806.2099678287639,790.666074312038,791.2581985419076,1387327
2025-05-13,815.5856323242188,821.1123258071907,802.3116289522831,804.8282472304855,1188986
2025-05-14,811.4406127929688,828.7116058762202,809.6641798374087,815.5856631802378,1200489
2025-05-15,829.3037109375,831.3762662014265,809.0226430046177,811.4899276737383,1242668
2025-05-16,845.78515625,850.5223306087796,828.070040871688,831.9683625656359,1998055
2025-05-19,843.8606567382812,854.3219794588563,842.1335575389656,845.7851507505208,1054285
2025-05-20,839.567626953125,861.5757938318978,836.5575517481941,844.7982583277256,1403194
2025-05-21,842.6270141601562,846.5746694715052,835.9653458222548,838.9260873057665,760171
2025-05-22,834.633056640625,841.8868493578742,829.007635637227,839.8636880086668,645750
2025-05-23,848.99267578125,851.5092941591193,835.9160667093505,841.8375500626635,845821
2025-05-26,858.6643676757812,862.2666272579604,852.7922183267839,853.6804648703579,966247
2025-05-27,859.8486938476562,861.5757930892441,850.2262837873812,861.5757930892441,1430284
2025-05-28,929.6728515625,935.5943346934713,876.3795033837579,880.3271588044055,23033284
2025-05-29,932.0908203125,942.1573538742203,916.8429889124692,931.1532400849458,4631410
2025-05-30,941.9599609375,945.2660983273195,921.9256213032219,929.1794141967982,2761353
2025-06-02,949.805908203125,953.8028972267425,934.0152866884359,941.515807813337,2565515
2025-06-03,941.17041015625,955.5299945198017,937.5681505359305,948.4242028052939,1358922
2025-06-04,940.775634765625,944.8713513692783,934.5087558643855,942.1079443788203,1325090
2025-06-05,944.081787109375,948.8683555367717,938.1109702231657,940.7756497283789,1060407
2025-06-06,947.2892456054688,948.374886994685,939.3446010698688,943.1442555774629,1048953
2025-06-09,950.2993774414062,960.6125790626949,946.1049935472074,947.3386358690307,1644441
2025-06-10,935.0515747070312,958.2440510619882,933.3244754040026,950.8915305532345,1491021
2025-06-11,952.1744995117188,955.8260929155251,935.3476299026215,937.5681861329364,2050914
2025-06-12,931.3506469726562,952.3225670660801,929.6728813178936,952.1745058884903,1014410
2025-06-13,925.6758422851562,930.7090787420096,909.1450355721287,920.790606761481,1015649
2025-06-16,936.9760131835938,938.5550512151422,917.3364038953466,922.7644299538989,942908
2025-06-17,935.0515747070312,941.5158486225072,930.9065243324737,933.6205375229474,650034
2025-06-18,922.3696899414062,937.5188541706381,920.7906518249224,930.6597906440535,959993
2025-06-19,915.7573852539062,931.3506120322646,910.4773600160158,921.7775356426491,741716
2025-06-20,924.294189453125,929.6728821882331,912.0564933878422,915.6586929359837,878908
2025-06-23,927.6497192382812,936.5812778597287,915.2145681322082,915.8560862527168,799215
2025-06-24,933.2750854492188,942.4040383573036,930.6597397107051,935.8903709512928,1242288
2025-06-25,938.6537475585938,941.4171545540017,931.7453505429569,934.5580911840455,901902
2025-06-26,945.0193481445312,946.6477800969914,933.9165672953244,938.6537417436978,1399813
2025-06-27,945.1674194335938,949.6578654667143,938.061627566757,945.4634815454532,739305
2025-06-30,960.0697631835938,967.1755548172945,944.6739315076087,945.1673884233319,2437347
2025-07-01,958.2440185546875,965.103081887033,949.9539180868043,964.214835323888,904582
2025-07-02,945.4635009765625,958.2440478230646,940.3315367319063,954.3457259335448,721322
2025-07-03,933.6204833984375,948.9176477670165,932.5349022797594,945.4634493612083,913793
2025-07-04,928.389892578125,941.3677738690016,921.7775575803139,932.6336101856494,787030
2025-07-07,931.3506469726562,934.6074507516404,925.774559417945,928.3899053124081,464630
2025-07-08,934.4593505859375,936.6305730934856,928.5872613939325,931.350608114248,540491
2025-07-09,933.6204833984375,940.5288802100538,932.1894462973147,934.4593360595578,482380
2025-07-10,914.425048828125,929.6235467638132,908.9476888092989,924.7383109818818,1985307
2025-07-11,910.329345703125,921.7281884526483,908.4541853216276,914.4250019774313,602074
2025-07-14,904.4078979492188,909.6385294325169,900.0654528103811,908.5528880295863,843161
2025-07-15,913.0927124023438,914.8691452973804,904.4078825093765,904.4078825093765,409783
2025-07-16,920.4452514648438,921.432165341829,913.0927310340154,915.3626209037928,538370
2025-07-17,916.102783203125,923.5046370938047,914.8691408880118,920.7906240005555,402400
2025-07-18,911.069580078125,920.642596605474,908.2568393546057,916.1028168138744,311216
2025-07-21,916.004150390625,917.7805833439644,905.5921606700117,907.9607780987598,458335
2025-07-22,907.023193359375,920.4945919752525,904.3091801774281,916.941665849747,480584
2025-07-23,909.9345703125,913.3394351445801,902.7301112499387,910.4280272378321,625338
2025-07-24,905.0,913.240706548826,898.1409366986223,909.9345692475463,481852
2025-07-25,886.8499755859375,910.0,882.0999755859375,910.0,1223102
2025-07-28,890.7999877929688,898.9000244140625,880.0499877929688,881.0999755859375,980461
2025-07-29,899.0499877929688,902.9500122070312,886.6500244140625,888.9500122070312,530162
2025-07-30,902.0,906.9500122070312,899.0,899.0,587832
2025-07-31,895.0,896.9500122070312,888.1500244140625,895.9500122070312,583642
2025-08-01,884.8499755859375,900.25,881.7000122070312,895.0,882601
2025-08-04,895.2999877929688,897.5,878.0,880.0499877929688,818695
2025-08-05,892.25,899.0999755859375,890.0,890.0,454682
2025-08-06,892.75,902.0,888.0,890.0,691080
2025-08-07,885.0,896.2999877929688,874.0,894.9000244140625,554212
2025-08-08,912.9500122070312,927.0999755859375,904.0,905.0,4531839
2025-08-11,906.3499755859375,916.7999877929688,892.0999755859375,914.0,1320560
2025-08-12,916.5,928.0,903.9000244140625,905.0,1284334
2025-08-13,887.5,920.9500122070312,881.2000122070312,916.0,1526696
2025-08-14,887.75,894.5999755859375,885.0,890.0,761942
2025-08-18,890.1500244140625,915.2000122070312,888.4000244140625,909.5999755859375,1334084
2025-08-19,894.2999877929688,896.2999877929688,883.0,891.0,1160144
2025-08-20,899.3499755859375,901.2999877929688,890.7000122070312,892.8499755859375,432997
2025-08-21,895.5999755859375,917.0,886.5999755859375,917.0,1844457
2025-08-22,889.0999755859375,900.7999877929688,886.0499877929688,895.5999755859375,755980
2025-08-25,894.0499877929688,895.6500244140625,887.5,891.0,621627
2025-08-26,888.3499755859375,894.5,885.0499877929688,891.25,1030729
2025-08-28,869.5,889.5999755859375,866.0,887.0,903333
2025-08-29,852.1500244140625,870.2999877929688,850.0999755859375,868.9000244140625,926244
2025-09-01,859.1500244140625,864.9500122070312,852.1500244140625,853.7999877929688,784731
2025-09-02,864.1500244140625,868.8499755859375,856.0,863.3499755859375,500854
2025-09-03,870.7000122070312,872.9500122070312,865.9500122070312,868.4500122070312,648680
2025-09-04,878.0999755859375,910.0,873.3499755859375,910.0,2687918
2025-09-05,877.3499755859375,882.25,865.2000122070312,879.6500244140625,990252
2025-09-08,876.5499877929688,882.2000122070312,871.5999755859375,878.9000244140625,484893
2025-09-09,874.7000122070312,879.9000244140625,872.5499877929688,875.0,583070
2025-09-10,877.6500244140625,880.0,874.7000122070312,874.7000122070312,546181
2025-09-11,877.0999755859375,879.2000122070312,871.4000244140625,878.0,970028
2025-09-12,874.75,878.8499755859375,873.4000244140625,875.2000122070312,958584
2025-09-15,883.7000122070312,885.9500122070312,875.1500244140625,876.0,1113115
2025-09-16,882.5499877929688,889.0,878.5499877929688,882.0,877033
2025-09-17,885.3499755859375,888.0,882.0999755859375,883.0,664758
2025-09-18,889.4000244140625,892.9500122070312,886.75,889.0499877929688,646298
2025-09-19,893.5499877929688,899.8499755859375,890.2000122070312,890.2000122070312,1473366
2025-09-22,904.5,913.7999877929688,893.0,893.5499877929688,2590163
2025-09-23,897.6500244140625,908.6500244140625,896.4500122070312,904.4500122070312,2448827
2025-09-24,894.25,902.0999755859375,892.3499755859375,897.6500244140625,553360
2025-09-25,888.2000122070312,898.25,884.0,890.5,1069593
2025-09-26,872.4500122070312,887.5999755859375,870.5499877929688,887.5999755859375,499920
2025-09-29,895.0499877929688,896.5,872.25,872.4500122070312,872365
2025-09-30,900.3499755859375,907.0,892.6500244140625,897.0,1077331
2025-10-01,904.0999755859375,910.0,895.5999755859375,900.3499755859375,1284460
2025-10-03,905.25,912.7999877929688,900.7000122070312,904.0999755859375,891706
2025-10-06,907.1500244140625,911.3499755859375,898.5,900.0,1402898
2025-10-07,912.3499755859375,920.5999755859375,907.0999755859375,907.1500244140625,1186472
2025-10-08,893.7999877929688,912.5499877929688,890.1500244140625,911.0,1271632
2025-10-09,895.2000122070312,897.7000122070312,889.0999755859375,893.7999877929688,693273
2025-10-10,897.7999877929688,907.4000244140625,891.2999877929688,895.0,815586
2025-10-13,897.25,902.0999755859375,890.0999755859375,892.0999755859375,538867
2025-10-14,902.0,906.0,895.0,899.0,1576596
2025-10-15,898.9500122070312,908.0,897.3499755859375,900.9000244140625,574962
2025-10-16,894.1500244140625,903.5,891.5,899.0,765783
2025-10-17,885.5,897.6500244140625,884.0999755859375,894.1500244140625,561015
2025-10-20,891.8499755859375,897.7000122070312,886.8499755859375,888.0,373495
2025-10-21,892.0999755859375,894.7000122070312,890.0,890.0,114200
2025-10-23,899.9500122070312,904.9000244140625,893.0,893.0,1449541
2025-10-24,889.6500244140625,903.0,885.0,902.7000122070312,567658
2025-10-27,897.6500244140625,900.7999877929688,885.5499877929688,887.25,871092
2025-10-28,899.9000244140625,920.5999755859375,895.5499877929688,897.6500244140625,2518859
2025-10-29,908.75,916.9000244140625,899.0,899.0,1649697
2025-10-30,900.75,910.8499755859375,897.0999755859375,910.8499755859375,756385
2025-10-31,894.7000122070312,901.0,890.2999877929688,897.1500244140625,1279740
2025-11-03,919.9000244140625,923.0,894.7000122070312,894.7000122070312,2966669
2025-11-04,905.7000122070312,925.0,902.0999755859375,925.0,1969201
2025-11-06,896.0999755859375,906.6500244140625,892.25,902.0999755859375,1203527
2025-11-07,924.1500244140625,936.9500122070312,895.0999755859375,910.0,7699680
2025-11-10,899.7000122070312,931.9000244140625,898.0,926.9000244140625,3204796
2025-11-11,900.5999755859375,904.8499755859375,895.0499877929688,904.0,2032416
2025-11-12,900.1500244140625,909.7999877929688,898.1500244140625,903.1500244140625,2493689
2025-11-13,902.8499755859375,908.4500122070312,888.1500244140625,900.5,3367249
2025-11-14,909.4500122070312,910.75,897.5999755859375,900.0,830405
2025-11-17,915.3499755859375,916.6500244140625,908.2000122070312,909.4500122070312,926990
2025-11-18,915.5,920.5999755859375,906.5999755859375,915.3499755859375,1288703
2025-11-19,914.0499877929688,921.0,910.5,915.5,923863
2025-11-20,908.2999877929688,919.9500122070312,906.0499877929688,915.0,1301140
2025-11-21,902.4000244140625,910.0,899.25,909.0,1653584
2025-11-24,895.0499877929688,904.2000122070312,888.2000122070312,902.4000244140625,1136910
2025-11-25,897.6500244140625,900.7999877929688,891.5,892.0999755859375,1109545
2025-11-26,894.7999877929688,901.9000244140625,893.5999755859375,896.9500122070312,847545
2025-11-27,900.25,902.0,891.25,896.0,1688227
2025-11-28,894.4500122070312,902.9500122070312,893.25,900.0,1036390
2025-12-01,882.0999755859375,899.8499755859375,880.1500244140625,896.9500122070312,1065698
2025-12-02,883.9000244140625,891.5999755859375,882.0,885.0,1222016
2025-12-03,868.0499877929688,888.5999755859375,866.2999877929688,885.0499877929688,1744252
2025-12-04,876.6500244140625,877.5499877929688,868.5,871.7999877929688,611037
2025-12-05,869.9000244140625,876.9000244140625,866.0,875.0,1082785
2025-12-08,857.5499877929688,874.0499877929688,853.5499877929688,871.0,1309723
2025-12-09,860.9500122070312,862.6500244140625,843.4000244140625,856.0,919406
2025-12-10,858.9500122070312,866.8499755859375,857.2999877929688,858.0,479237
2025-12-11,858.3499755859375,864.0,853.5,857.0,990557
2025-12-12,867.5999755859375,870.0,861.25,865.0,513683
2025-12-15,856.9000244140625,866.1500244140625,855.5,864.0,760013
2025-12-16,854.5,860.0,850.2999877929688,860.0,1264487
2025-12-17,844.5499877929688,859.0499877929688,843.0999755859375,859.0,705546
2025-12-18,847.4000244140625,849.9000244140625,835.7999877929688,846.0,4204052
2025-12-19,852.0,853.25,845.9000244140625,847.4000244140625,743935
2025-12-22,857.3499755859375,859.5,848.9000244140625,852.0,481055
2025-12-23,855.4000244140625,859.4000244140625,854.0,857.4000244140625,1143547
2025-12-24,853.9000244140625,858.0,851.5,855.4000244140625,494054
2025-12-26,849.75,851.4000244140625,844.7999877929688,850.0999755859375,703658
2025-12-29,842.25,854.5,840.25,846.0999755859375,640405
2025-12-30,849.25,850.3499755859375,838.5999755859375,841.2000122070312,1082307
2025-12-31,854.9000244140625,859.4500122070312,846.0,846.5499877929688,449879
2026-01-01,852.7999877929688,859.3499755859375,851.5499877929688,855.0,240945
2026-01-02,860.8499755859375,862.0,851.2000122070312,853.2000122070312,577777
2026-01-05,846.2000122070312,863.5999755859375,843.7000122070312,858.5,2084331
2026-01-06,850.0499877929688,858.5999755859375,848.0,848.0,969130
2026-01-07,851.9500122070312,854.4500122070312,845.5499877929688,850.0499877929688,881422
2026-01-08,837.7999877929688,851.2999877929688,835.0999755859375,850.0999755859375,860549
2026-01-09,829.0,842.4000244140625,826.5,838.0,1117599
2026-01-12,832.0999755859375,836.7999877929688,823.0499877929688,829.0,856966
2026-01-13,831.75,838.9000244140625,825.7999877929688,833.0999755859375,654725
2026-01-14,826.7000122070312,832.8499755859375,824.5,830.0,564883
2026-01-15,826.7000122070312,826.7000122070312,826.7000122070312,826.7000122070312,0
2026-01-16,820.4000244140625,830.7999877929688,818.9000244140625,826.7000122070312,710189
2026-01-19,809.75,822.2000122070312,806.7000122070312,818.0,1017361
2026-01-20,809.1500244140625,820.9000244140625,805.0,809.75,974480
2026-01-21,809.5499877929688,813.7999877929688,802.5499877929688,808.9500122070312,1133045
2026-01-22,819.2999877929688,824.25,809.2000122070312,810.7000122070312,2020973
2026-01-23,802.4500122070312,827.2999877929688,800.0999755859375,821.9500122070312,777229
2026-01-27,807.7999877929688,810.0,797.6500244140625,804.9000244140625,960994
2026-01-28,822.1500244140625,825.0,808.7000122070312,808.9000244140625,633767
2026-01-29,821.0,827.0499877929688,816.2999877929688,822.0499877929688,530854
2026-01-30,824.5,834.9000244140625,813.2000122070312,816.9000244140625,719862
2026-02-02,802.1500244140625,807.0,788.4500122070312,800.0,1065452
2026-02-03,838.2999877929688,843.0,822.25,823.0,2206568
2026-02-04,835.2999877929688,841.3499755859375,830.7999877929688,840.0,618121
2026-02-05,839.75,842.0,831.4500122070312,835.5,672395
2026-02-06,901.8499755859375,907.5,847.4500122070312,847.4500122070312,15819930
2026-02-09,895.4500122070312,908.0,884.25,901.9500122070312,2324112
2026-02-10,891.7000122070312,902.7999877929688,888.7000122070312,899.0,1107801
2026-02-11,875.2999877929688,886.9500122070312,865.0499877929688,881.0,2030353
2026-02-12,880.9500122070312,882.2999877929688,872.0,876.4500122070312,1155429
2026-02-13,862.4000244140625,877.0,856.2000122070312,872.4000244140625,875027
2026-02-16,869.1500244140625,870.8499755859375,853.5499877929688,862.4000244140625,716917
2026-02-17,874.0999755859375,879.5,864.0499877929688,868.7999877929688,672532
2026-02-18,878.7000122070312,880.9000244140625,870.75,875.5999755859375,550252
2026-02-19,864.25,882.5,860.9500122070312,878.7000122070312,611883
2026-02-20,873.2999877929688,877.0,861.7000122070312,864.25,530127
2026-02-23,883.25,885.7999877929688,873.6500244140625,876.0,1075333
2026-02-24,882.0,886.0,872.0,882.0,1383677
2026-02-25,874.8499755859375,896.5,872.5999755859375,887.0,1353348
2026-02-26,870.8499755859375,879.0,865.25,876.0,740587
2026-02-27,849.4000244140625,870.75,845.0,870.75,1088524
2026-03-02,841.9500122070312,845.0,822.1500244140625,824.0,1333185
2026-03-04,828.0499877929688,832.4500122070312,818.0,823.0999755859375,1210336
2026-03-05,832.9500122070312,839.9500122070312,822.9000244140625,831.0,1103850
2026-03-06,822.2999877929688,834.7999877929688,820.4000244140625,831.0,717210
2026-03-09,805.4000244140625,813.0499877929688,793.2000122070312,807.0,1402162
2026-03-10,821.4000244140625,824.7999877929688,807.75,815.1500244140625,1028794
2026-03-11,802.4000244140625,827.4000244140625,800.0999755859375,821.0,704252
2026-03-12,796.6500244140625,808.0,791.5499877929688,799.9000244140625,755710
2026-03-13,772.7000122070312,798.0,770.0999755859375,793.0,1249784
2026-03-16,777.3499755859375,784.9000244140625,759.0999755859375,770.0,1221306
2026-03-17,777.75,782.4500122070312,775.3499755859375,780.9500122070312,692999
2026-03-18,785.8499755859375,790.0,777.9000244140625,779.9500122070312,1164183
2026-03-19,766.0499877929688,777.9000244140625,762.5,774.0,921961
2026-03-20,776.75,779.4500122070312,769.8499755859375,774.0,1045598
2026-03-23,740.0,768.9000244140625,737.0499877929688,766.0,1315501
2026-03-24,758.7000122070312,763.0,740.4000244140625,758.75,1027852
2026-03-25,781.0999755859375,784.6500244140625,763.5499877929688,764.0,1231067
2026-03-27,765.6500244140625,775.0,760.0999755859375,775.0,5677064
2026-03-30,725.6500244140625,760.0499877929688,722.6500244140625,760.0,3174107
2026-04-01,746.0,758.0499877929688,736.5499877929688,745.0,1461768
2026-04-02,734.8499755859375,738.0,721.5,738.0,1574617
2026-04-06,744.9500122070312,747.0,727.4000244140625,736.0,1095521
2026-04-07,743.2000122070312,745.0499877929688,733.0,745.0,894360
2026-04-08,793.7000122070312,803.5999755859375,773.5,780.0,4526133
2026-04-09,793.4000244140625,799.0,786.2999877929688,796.7000122070312,1861476
2026-04-10,798.3499755859375,814.4000244140625,796.0999755859375,800.5499877929688,2509399
2026-04-13,803.6500244140625,810.0,781.75,794.7000122070312,2386230
